-- Project 5 — seed data. Run after 01_schema.sql.
set search_path = industry, public;

-- dim_region (1 rows)
insert into industry.dim_region (region_id, region_code, region_name) values
(1, 'US', 'United States');

-- dim_vintage (1 rows)
insert into industry.dim_vintage (vintage_id, vintage_year, data_asof_date, ttm_through, asc842_lease_break, tcja174_rnd_break) values
(1, 2026, '2026-01-05', '2025-Q3', TRUE, TRUE);

-- dim_industry (94 rows)
insert into industry.dim_industry (industry_id, industry_name, sector_group, is_financial, is_total_market_rollup, region_id) values
(1, 'Advertising', 'Communication Services', FALSE, FALSE, 1),
(2, 'Aerospace/Defense', 'Industrials', FALSE, FALSE, 1),
(3, 'Air Transport', 'Industrials', FALSE, FALSE, 1),
(4, 'Apparel', 'Consumer Discretionary', FALSE, FALSE, 1),
(5, 'Auto & Truck', 'Consumer Discretionary', FALSE, FALSE, 1),
(6, 'Auto Parts', 'Consumer Discretionary', FALSE, FALSE, 1),
(7, 'Bank (Money Center)', 'Financials', TRUE, FALSE, 1),
(8, 'Banks (Regional)', 'Financials', TRUE, FALSE, 1),
(9, 'Beverage (Alcoholic)', 'Consumer Staples', FALSE, FALSE, 1),
(10, 'Beverage (Soft)', 'Consumer Staples', FALSE, FALSE, 1),
(11, 'Broadcasting', 'Communication Services', FALSE, FALSE, 1),
(12, 'Brokerage & Investment Banking', 'Financials', TRUE, FALSE, 1),
(13, 'Building Materials', 'Materials', FALSE, FALSE, 1),
(14, 'Business & Consumer Services', 'Other', FALSE, FALSE, 1),
(15, 'Cable TV', 'Communication Services', FALSE, FALSE, 1),
(16, 'Chemical (Basic)', 'Materials', FALSE, FALSE, 1),
(17, 'Chemical (Diversified)', 'Materials', FALSE, FALSE, 1),
(18, 'Chemical (Specialty)', 'Materials', FALSE, FALSE, 1),
(19, 'Coal & Related Energy', 'Energy', FALSE, FALSE, 1),
(20, 'Computer Services', 'Technology', FALSE, FALSE, 1),
(21, 'Computers/Peripherals', 'Technology', FALSE, FALSE, 1),
(22, 'Construction Supplies', 'Industrials', FALSE, FALSE, 1),
(23, 'Diversified', 'Other', FALSE, FALSE, 1),
(24, 'Drugs (Biotechnology)', 'Healthcare', FALSE, FALSE, 1),
(25, 'Drugs (Pharmaceutical)', 'Healthcare', FALSE, FALSE, 1),
(26, 'Education', 'Other', FALSE, FALSE, 1),
(27, 'Electrical Equipment', 'Other', FALSE, FALSE, 1),
(28, 'Electronics (Consumer & Office)', 'Technology', FALSE, FALSE, 1),
(29, 'Electronics (General)', 'Technology', FALSE, FALSE, 1),
(30, 'Engineering/Construction', 'Industrials', FALSE, FALSE, 1),
(31, 'Entertainment', 'Communication Services', FALSE, FALSE, 1),
(32, 'Environmental & Waste Services', 'Industrials', FALSE, FALSE, 1),
(33, 'Farming/Agriculture', 'Consumer Staples', FALSE, FALSE, 1),
(34, 'Financial Svcs. (Non-bank & Insurance)', 'Financials', TRUE, FALSE, 1),
(35, 'Food Processing', 'Consumer Staples', FALSE, FALSE, 1),
(36, 'Food Wholesalers', 'Consumer Staples', FALSE, FALSE, 1),
(37, 'Furn/Home Furnishings', 'Consumer Discretionary', FALSE, FALSE, 1),
(38, 'Green & Renewable Energy', 'Energy', FALSE, FALSE, 1),
(39, 'Healthcare Information and Technology', 'Healthcare', FALSE, FALSE, 1),
(40, 'Healthcare Products', 'Healthcare', FALSE, FALSE, 1),
(41, 'Healthcare Support Services', 'Healthcare', FALSE, FALSE, 1),
(42, 'Homebuilding', 'Consumer Discretionary', FALSE, FALSE, 1),
(43, 'Hospitals/Healthcare Facilities', 'Healthcare', FALSE, FALSE, 1),
(44, 'Hotel/Gaming', 'Consumer Discretionary', FALSE, FALSE, 1),
(45, 'Household Products', 'Consumer Staples', FALSE, FALSE, 1),
(46, 'Information Services', 'Technology', FALSE, FALSE, 1),
(47, 'Insurance (General)', 'Financials', TRUE, FALSE, 1),
(48, 'Insurance (Life)', 'Financials', TRUE, FALSE, 1),
(49, 'Insurance (Prop/Cas.)', 'Financials', TRUE, FALSE, 1),
(50, 'Investments & Asset Management', 'Financials', TRUE, FALSE, 1),
(51, 'Machinery', 'Industrials', FALSE, FALSE, 1),
(52, 'Metals & Mining', 'Materials', FALSE, FALSE, 1),
(53, 'Office Equipment & Services', 'Other', FALSE, FALSE, 1),
(54, 'Oil/Gas (Integrated)', 'Energy', FALSE, FALSE, 1),
(55, 'Oil/Gas (Production and Exploration)', 'Energy', FALSE, FALSE, 1),
(56, 'Oil/Gas Distribution', 'Energy', FALSE, FALSE, 1),
(57, 'Oilfield Svcs/Equip.', 'Energy', FALSE, FALSE, 1),
(58, 'Packaging & Container', 'Other', FALSE, FALSE, 1),
(59, 'Paper/Forest Products', 'Materials', FALSE, FALSE, 1),
(60, 'Power', 'Energy', FALSE, FALSE, 1),
(61, 'Precious Metals', 'Materials', FALSE, FALSE, 1),
(62, 'Publishing & Newspapers', 'Communication Services', FALSE, FALSE, 1),
(63, 'R.E.I.T.', 'Financials', TRUE, FALSE, 1),
(64, 'Real Estate (Development)', 'Real Estate', FALSE, FALSE, 1),
(65, 'Real Estate (General/Diversified)', 'Real Estate', FALSE, FALSE, 1),
(66, 'Real Estate (Operations & Services)', 'Real Estate', FALSE, FALSE, 1),
(67, 'Recreation', 'Consumer Discretionary', FALSE, FALSE, 1),
(68, 'Reinsurance', 'Financials', TRUE, FALSE, 1),
(69, 'Restaurant/Dining', 'Consumer Discretionary', FALSE, FALSE, 1),
(70, 'Retail (Automotive)', 'Consumer Discretionary', FALSE, FALSE, 1),
(71, 'Retail (Building Supply)', 'Consumer Discretionary', FALSE, FALSE, 1),
(72, 'Retail (Distributors)', 'Consumer Discretionary', FALSE, FALSE, 1),
(73, 'Retail (General)', 'Consumer Discretionary', FALSE, FALSE, 1),
(74, 'Retail (Grocery and Food)', 'Consumer Staples', FALSE, FALSE, 1),
(75, 'Retail (REITs)', 'Consumer Discretionary', FALSE, FALSE, 1),
(76, 'Retail (Special Lines)', 'Consumer Discretionary', FALSE, FALSE, 1),
(77, 'Rubber& Tires', 'Other', FALSE, FALSE, 1),
(78, 'Semiconductor', 'Technology', FALSE, FALSE, 1),
(79, 'Semiconductor Equip', 'Technology', FALSE, FALSE, 1),
(80, 'Shipbuilding & Marine', 'Industrials', FALSE, FALSE, 1),
(81, 'Shoe', 'Consumer Discretionary', FALSE, FALSE, 1),
(82, 'Software (Entertainment)', 'Technology', FALSE, FALSE, 1),
(83, 'Software (Internet)', 'Technology', FALSE, FALSE, 1),
(84, 'Software (System & Application)', 'Technology', FALSE, FALSE, 1),
(85, 'Steel', 'Materials', FALSE, FALSE, 1),
(86, 'Telecom (Wireless)', 'Communication Services', FALSE, FALSE, 1),
(87, 'Telecom. Equipment', 'Communication Services', FALSE, FALSE, 1),
(88, 'Telecom. Services', 'Communication Services', FALSE, FALSE, 1),
(89, 'Tobacco', 'Consumer Staples', FALSE, FALSE, 1),
(90, 'Transportation', 'Industrials', FALSE, FALSE, 1),
(91, 'Transportation (Railroads)', 'Industrials', FALSE, FALSE, 1),
(92, 'Trucking', 'Industrials', FALSE, FALSE, 1),
(93, 'Utility (General)', 'Utilities', FALSE, FALSE, 1),
(94, 'Utility (Water)', 'Utilities', FALSE, FALSE, 1);

-- map_industry_alias (1 rows)
insert into industry.map_industry_alias (industry_name_raw, canonical_name, industry_id, match_method, confidence) values
('Heathcare Information and Technology', 'Healthcare Information and Technology', 39, 'manual', 1.0);

-- fact_dividends_fcfe (94 rows)
insert into industry.fact_dividends_fcfe (industry_id, num_firms, dividends, payout, dividends_plus_buybacks, cash_return_pct_net_income, fcfe, net_cash_returned_pct_fcfe, vintage_id, region_id) values
(1, 52, 571.1, 0.0027465942927341557, 2751.489, NULL, 1068.7549999999994, 0.7068486229304197, 1, 1),
(2, 79, 12526.490999999998, 0.5015234087265174, 32083.936, 1.284545284715682, 6587.801000000021, 0.6161524915521878, 1, 1),
(3, 23, 812.0, 0.13207154048602646, 5182.741000000001, 0.8429711672538047, -853.9879999999982, NULL, 1, 1),
(4, 35, 1218.6199999999997, 0.5009316781675721, 6158.235999999999, 2.5314335018561627, 1761.7259999999997, 3.3420106191314654, 1, 1),
(5, 33, 3743.2, 0.5830852925800871, 12518.957000000002, 1.9501014386467543, 9814.40199999999, 0.7744783635314724, 1, 1),
(6, 35, 693.9300000000001, 1.0954685021035435, 2351.1330000000003, 3.711602244831915, 360.3819999999994, 4.8242920012653325, 1, 1),
(7, 15, 40401.779, 0.2811083405068467, 91770.65, 0.6385237424504165, 103238.16399999998, 0.8684932637895422, 1, 1),
(8, 568, 18200.19977999999, 0.36088813078537474, 29963.263, 0.5941355648295298, 44904.87799999998, 0.573832847291112, 1, 1),
(9, 14, 1538.0, 0.00224154517375531, 3718.8049999999994, 24.22721616709119, -935.6449999999999, NULL, 1, 1),
(10, 27, 17711.0, 0.7266805539200581, 20640.19, 0.8468649258774346, 19556.36, 1.0275844789112083, 1, 1),
(11, 24, 894.77, 0.608281553794069, 2423.978, 1.6478660484846832, -11349.776, NULL, 1, 1),
(12, 32, 14207.813999999998, 0.2761307603548932, 31828.72899999999, 0.6185955939386479, 36983.656000000025, 0.8024866984486329, 1, 1),
(13, 41, 2369.8299999999995, 0.2555367297858912, 12320.739999999996, 1.3285347928510571, 8018.5329999999985, 1.4903090128830296, 1, 1),
(14, 155, 8076.907899999999, 0.42604327197368147, 22036.405, 1.1623832046837126, 20539.391000000003, 1.0191969664533869, 1, 1),
(15, 9, 5224.2, 0.3346443578968945, 17685.43, 1.1328680690786102, 19089.22, 0.9024323675875703, 1, 1),
(16, 29, 4092.2999999999993, 0.004131630042662541, 4792.709999999999, NULL, -8687.020999999999, NULL, 1, 1),
(17, 4, 274.0, NULL, 282.08, NULL, -459.916, NULL, 1, 1),
(18, 59, 7870.1100000000015, 1.3000935823024555, 14612.83, 2.413949297058972, -2091.108999999993, NULL, 1, 1),
(19, 16, 72.21, 0.0008172413793103449, 337.23199999999997, NULL, -409.2320000000001, NULL, 1, 1),
(20, 64, 7760.469999999998, 0.5099205071561956, 15395.196999999998, 1.0115787654625998, 16970.477, 0.8193700742766393, 1, 1),
(21, 36, 19202.07, 0.1603021523436578, 125382.12400000004, 1.0467113359455205, 108560.60100000002, 1.1295458192977397, 1, 1),
(22, 40, 7224.299999999998, 0.33492609794429107, 15242.700999999997, 0.7066675481446706, 15418.071999999993, 0.9819953493536678, 1, 1),
(23, 20, 4928.379999999999, 0.06588241094241719, 12814.289999999999, 0.1713009791686735, 63724.961, 0.17467569732996774, 1, 1),
(24, 496, 20803.6, 0.0011705552086895756, 35208.846, NULL, 1683.7799999999584, 5.924955160413025, 1, 1),
(25, 228, 42241.200000000004, 0.5863499201100111, 59827.339, 0.8304630418417219, 72020.019, 0.7369914051258442, 1, 1),
(26, 32, 339.3, 0.13829432112895118, 1477.2799999999997, 0.6021203498891158, 2135.3999999999996, 0.17567434672660862, 1, 1),
(27, 112, 2905.707000000001, 2.296858140874997, 8309.0, 6.567969273065159, -226.36199999999928, NULL, 1, 1),
(28, 8, 0.0, NULL, 109.78899999999999, NULL, -141.88699999999994, NULL, 1, 1),
(29, 114, 2212.1769999999997, 0.19877481128012497, 8449.374999999996, 0.7592172421374987, 8267.836000000005, 0.7467095380217984, 1, 1),
(30, 48, 826.9089999999999, 0.08329543326601473, 3764.3540000000003, 0.37918742860055416, 7733.593000000004, 0.3670859068999362, 1, 1),
(31, 92, 2622.463, 0.22878758058060275, 19102.065000000002, 1.6664926198933643, 19008.954, 0.8189642628416062, 1, 1),
(32, 53, 2582.174, 0.39802382617858456, 3994.3320000000003, 0.6156979760727039, 5306.558999999998, 0.7099020287911623, 1, 1),
(33, 35, 3604.14, 0.4144218728979314, 6501.256, 0.7475466235243121, 7799.345999999999, 0.8194337063646108, 1, 1),
(34, 176, 24037.584000000006, 0.1852408141048518, 105217.34999999998, 0.8108363790618524, 133452.521, 0.7321416281075722, 1, 1),
(35, 78, 11627.099999999999, 1.4311110049852744, 18534.779, 2.281336378105457, 4043.0620000000044, 4.460733721125221, 1, 1),
(36, 13, 1034.7, 0.3807473643539217, 3257.566, 1.1987142830858677, 1199.5930000000005, 2.53702297362522, 1, 1),
(37, 27, 640.236, 1.0812222088995695, 1150.0729999999999, 1.9422282868438427, -123.0080000000005, NULL, 1, 1),
(38, 15, 45.1, 0.0012899800099950027, 48.345, NULL, -685.7310000000001, NULL, 1, 1),
(40, 204, 9780.43, 0.3564070775543777, 21628.873, 0.7881742844358363, 25623.827000000027, 0.6529374398289524, 1, 1),
(41, 104, 16728.049, 0.4936925996971039, 48292.14600000001, 1.425239434897166, 29519.622999999978, 1.5194130697400858, 1, 1),
(39, 115, 1927.9700000000003, 0.1684931886355169, 18008.863, 1.5738682399467734, 15621.74300000001, 1.0387376107774908, 1, 1),
(42, 30, 1533.8899999999999, 0.09572188588883335, 11748.837000000003, 0.7331821934040273, 12219.448999999997, 0.9434246175911865, 1, 1),
(43, 31, 988.3822000000001, 0.09335383175077289, 12608.8, 1.1909156131900644, 6885.206000000001, 1.8160044884641064, 1, 1),
(44, 63, 4468.045, 0.1828047663939815, 32179.880000000005, 1.316601655978478, 21510.92600000001, 1.284348474816937, 1, 1),
(45, 110, 16754.746, 0.6724627371530681, 17209.388000000003, 0.6907100924841932, 24324.48999999999, 0.6394145982094592, 1, 1),
(46, 15, 847.7, 0.3206733497257424, 3538.37, 1.3385171174579156, 3956.86, 0.7576512689354691, 1, 1),
(47, 21, 2582.1079999999997, 0.3664220974786759, 4010.782, 0.5691625419888396, 9866.094, -1.074065683947467, 1, 1),
(48, 20, 6322.820000000001, 0.3360679830191276, 17713.203, 0.9414850343704804, 17706.757000000005, 0.9141879001332653, 1, 1),
(49, 57, 10949.780999999994, 0.2248570127220276, 25530.087999999996, 0.5242679577071439, 47941.89299999998, 0.5025078588365296, 1, 1),
(50, 283, 21514.293000000005, 0.5824006202804275, 36336.42, 0.983641598019053, 2454.830999999999, 9.59904897730231, 1, 1),
(51, 105, 6954.040999999999, 0.33425683617051016, 18732.537000000004, 0.9004086330619883, 22524.532999999996, 0.7703127074821045, 1, 1),
(52, 73, 3335.5, 0.5199944937174282, 3497.668, 0.5452760008549392, 3388.0769999999998, 0.5591738322358081, 1, 1),
(53, 14, 341.1599999999999, 0.5740361220760601, 900.77, 1.5156364101373339, 406.646, 2.1654854590971016, 1, 1),
(54, 4, 30447.488, 0.6773393605566876, 63620.18, 1.4153040158748522, 42336.327999999994, 1.479513716919427, 1, 1),
(55, 142, 14786.459980000001, 0.4169878127780144, 31237.432999999997, 0.8809159786107077, 963.2000000000286, 26.402380606311507, 1, 1),
(56, 23, 9873.14, 0.6943485555005051, 13627.616999999998, 0.958389750258188, 1136.9449999999977, 9.80092880482347, 1, 1),
(57, 97, 9182.870000000003, 0.6007508739894286, 23550.493, 1.540692534320089, 14645.449999999983, 1.4983539597622486, 1, 1),
(58, 19, 2767.8, 0.555824875201471, 6192.389999999999, 1.243545197972699, 3276.4279999999967, 1.7751130194223728, 1, 1),
(59, 6, 1261.0, 3.32542194092827, 1492.3, 3.93539029535865, 98.2, 15.196537678207738, 1, 1),
(60, 46, 27437.156000000006, 0.5495789196209595, 28249.540000000005, 0.565851346728104, -44739.143000000004, NULL, 1, 1),
(61, 56, 2610.8014999999996, 0.25150955741549114, 5309.584999999999, 0.5114947932310941, 7240.689000000007, 0.5391247987587915, 1, 1),
(62, 19, 454.2020000000001, 0.23088767328572254, 1035.207, 0.5262340007289553, 2128.0940000000005, 0.4815351201591659, 1, 1),
(63, 190, 54420.04350000001, 1.9487195504756645, 46810.65900000002, 1.6762361897772031, 64257.505, 0.13225796737672915, 1, 1),
(64, 14, 0.0, 0.0, 12.85, 0.049385278190923095, 527.102, -1.620024207838331, 1, 1),
(65, 12, 62.900000000000006, 0.26963305898491086, 95.077, 0.40756601508916324, 124.16099999999997, 0.7635006161355016, 1, 1),
(66, 54, 360.13, 0.27052526808015165, 2854.0359999999996, 2.143917068865142, 2589.491, 0.6693442842628144, 1, 1),
(67, 49, 1148.6999999999996, 0.00562724438125783, 3088.6259999999997, NULL, -2488.506, NULL, 1, 1),
(68, 1, 237.0, 0.27335640138408307, 351.0, 0.40484429065743943, 519.8, 0.6675644478645634, 1, 1),
(69, 64, 11348.427999999998, 0.6454113964275203, 18587.011, 1.0570863845568463, 12592.447999999984, 1.3712352038301068, 1, 1),
(70, 34, 644.6489999999999, 0.06778339897708052, 7657.513000000001, 0.805170346733154, 7479.805999999998, 0.7279703511026893, 1, 1),
(71, 14, 12039.951, 0.5400747405477563, 14435.190999999999, 0.6475177543565009, 18907.955000000005, 0.7276932381106257, 1, 1),
(72, 62, 5012.065000000001, 0.35151398729796973, 10799.800000000003, 0.7574284770889071, 2699.2560000000035, 2.3413781427178435, 1, 1),
(73, 23, 13006.525, 0.11726860120191408, 29796.525, 0.26864952840423273, 33423.91999999999, 0.881272304385602, 1, 1),
(74, 15, 1367.2, 0.374369182997856, 9034.250000000002, 2.473774715841414, 8999.532, 0.9795196016859548, 1, 1),
(75, 26, 9864.233999999997, 1.614333910763689, 6345.755, 1.0385162685615767, 13166.333999999997, 0.018165572892196044, 1, 1),
(76, 94, 4703.787, 0.29933168502542606, 13484.790999999997, 0.8581224473484235, 9333.484000000006, 1.3535738637361987, 1, 1),
(77, 3, 0.0, NULL, 0.0, NULL, -1934.3, NULL, 1, 1),
(78, 66, 25363.1, 0.163921671873215, 106612.07400000002, 0.689033651720449, 111403.03299999997, 0.8744531219360971, 1, 1),
(79, 31, 3803.6, 0.1935644354407952, 16093.536999999998, 0.8189968460538829, 15000.766000000001, 1.0224863183653419, 1, 1),
(80, 8, 106.30000000000001, 0.14665103124784443, 674.69, 0.9307994757536043, 437.5659999999999, 1.522627443631361, 1, 1),
(81, 11, 2475.4700000000003, 0.6493070127580998, 4774.794, 1.2524115536343796, 3314.2909999999997, 1.3014964588203026, 1, 1),
(82, 77, 15397.205999999998, 0.08336933665167408, 121449.33600000001, 0.6575966171464018, 70403.63199999998, 1.6842965431101629, 1, 1),
(83, 29, 142.758, 0.00022003390875462395, 6727.737, NULL, -10619.365999999998, NULL, 1, 1),
(84, 309, 34027.14220000002, 0.20984272413063565, 97914.657, 0.6038320302195935, 82068.6810000002, 0.49944612854201875, 1, 1),
(85, 19, 1355.8449999999998, 0.6506039648192232, 4101.590999999999, 1.968153709802258, -1766.9999999999977, NULL, 1, 1),
(86, 12, 6032.2, 0.5144702760836396, 18865.543, 1.6089919292592711, 13186.978000000003, 1.4304814188663997, 1, 1),
(87, 57, 7331.743, 0.4144942269536068, 18065.997000000003, 1.0213466921387153, 15844.357000000013, 1.0165830648728749, 1, 1),
(88, 39, 19576.644, 0.47681709049527965, 15665.99, 0.3815675338187764, 35612.62800000002, 0.38750268584503206, 1, 1),
(89, 10, 15432.85, 0.8760466767746319, 16460.82, 0.9343994568718931, 17144.259000000002, 0.9533705714548525, 1, 1),
(90, 19, 7282.200000000001, 0.2912283098456141, 17237.828, 0.6893718263504712, 16886.497, 0.9769754496743761, 1, 1),
(91, 4, 5419.8, 0.42695761777217583, 11615.8, 0.9150622341263589, 9491.039999999999, 1.2223223166270503, 1, 1),
(92, 26, 906.1200000000001, 0.2836976246444857, 3576.0330000000004, 1.1196221998745135, -784.3369999999978, NULL, 1, 1),
(93, 14, 11209.699999999999, 0.6540272470025379, 11283.999999999998, 0.6583622626097609, -23132.380000000005, NULL, 1, 1),
(94, 14, 1246.75, 0.3483342398441463, 1253.591, 0.5674591354967792, -2217.8270000000007, NULL, 1, 1);

-- fact_financing_flows (94 rows)
insert into industry.fact_financing_flows (industry_id, num_firms, dividends, buybacks, equity_issuance, net_equity_change_usd, net_equity_change_pct_book_equity, debt_repaid, debt_raised, net_debt_change_usd, net_debt_change_pct_total_debt, change_in_lease_debt, vintage_id, region_id) values
(1, 52, 571.1, 2180.389, 1996.0409999999997, -184.3480000000004, -0.022228819328804217, 8884.048999999997, 6551.981000000001, -2332.0679999999966, -0.11382996700296273, 76.78500000000076, 1, 1),
(2, 79, 12526.490999999998, 19594.045000000002, 28024.845999999994, 8430.800999999992, 0.051539576867631116, 37065.82999999999, 36062.20400000001, -1003.6259999999747, -0.004289685964782441, 474.84000000000015, 1, 1),
(3, 23, 812.0, 4370.741000000001, 1460.953, -2909.788000000001, -0.06718078720378273, 26694.381999999998, 12603.38, -14091.001999999999, -0.14645186093404697, 15367.833999999973, 1, 1),
(4, 35, 1218.6199999999997, 4943.835999999999, 270.52900000000005, -4673.306999999999, -0.20018631139421775, 13819.924000000003, 8589.157000000001, -5230.767000000002, -0.33108027107890403, 831.9900000000016, 1, 1),
(5, 33, 3743.2, 8775.757000000001, 4917.915000000001, -3857.8420000000006, -0.01898573676251043, 107264.333, 113946.81199999999, 6682.478999999992, 0.021039602701786255, 4467.889000000003, 1, 1),
(6, 35, 693.9300000000001, 1657.2030000000002, 612.545, -1044.6580000000004, -0.035854827244998166, 4667.413, 4257.478999999999, -409.9340000000002, -0.019717134769892137, 341.15799999999854, 1, 1),
(7, 15, 40401.779, 79296.0, 2109.0, -77187.0, -0.06906685168724197, 396960.0, 780459.0, 383499.0, 0.11568485264441332, 0.0, 1, 1),
(8, 568, 18200.19977999999, 12736.650000000001, 4195.369000000001, -8541.281, -0.016520241717168198, 277926.0659999995, 256199.89199999988, -21726.17399999965, -0.06441748672589583, 0.0, 1, 1),
(9, 14, 1538.0, 2180.8049999999994, 48.599999999999994, -2132.2049999999995, -0.07892671614955203, 2497.6059999999993, 848.0210000000001, -1649.5849999999991, -0.08329633288296547, -248.51399999999967, 1, 1),
(10, 27, 17711.0, 2929.1899999999996, 544.3779999999999, -2384.812, -0.03025046633469712, 19939.769000000004, 25974.624, 6034.854999999996, 0.04737595362392671, 804.4500000000044, 1, 1),
(11, 24, 894.77, 1535.5780000000002, 87.178, -1448.4, -0.03924074841242805, 13383.263, 10032.217, -3351.0460000000003, -0.07235261924113659, 114.0, 1, 1),
(12, 32, 14207.813999999998, 28530.98499999999, 2149.8369999999995, -26381.14799999999, -0.09109982085747724, 278790.783, 303224.36400000006, 24433.581000000064, 0.01780010722661338, 1.69, 1, 1),
(13, 41, 2369.8299999999995, 9950.909999999996, 370.648, -9580.261999999997, -0.16526041603775693, 15123.981000000002, 15768.030999999999, 644.0499999999975, 0.012849472534190056, 1319.612000000001, 1, 1),
(14, 155, 8076.907899999999, 13960.91, 1102.7200000000005, -12858.189999999999, -0.12341236224423399, 55266.626, 67168.08900000002, 11901.463000000025, 0.11460816716622164, 1322.0609999999906, 1, 1),
(15, 9, 5224.2, 12461.23, 458.7, -12002.529999999999, -0.08503241886074908, 34501.0, 33960.8, -540.1999999999971, -0.0020423386403136063, 1067.3999999999978, 1, 1),
(16, 29, 4092.2999999999993, 700.41, 159.281, -541.1289999999999, -0.010439842833897898, 7043.296, 9711.873, 2668.5769999999993, 0.05508309742650357, 1430.3969999999972, 1, 1),
(17, 4, 274.0, 8.08, 1.16, -6.92, -0.001620115655655187, 1095.05, 1269.18, 174.1300000000001, 0.026326094022844287, 199.106, 1, 1),
(18, 59, 7870.1100000000015, 6742.719999999998, 841.19, -5901.529999999999, -0.03410953008894926, 39363.680000000015, 43518.55599999998, 4154.8759999999675, 0.03360056948154923, 1089.2579999999907, 1, 1),
(19, 16, 72.21, 265.022, 1139.5479999999998, 874.5259999999998, 0.1195287331971106, 152.50400000000002, 1473.876, 1321.3719999999998, 0.8496257812299066, 8.419999999999959, 1, 1),
(20, 64, 7760.469999999998, 7634.727, 1490.0960000000005, -6144.630999999999, -0.07368638044614179, 15910.101, 19689.586, 3779.4849999999988, 0.03847320571586148, -1147.5540000000037, 1, 1),
(21, 36, 19202.07, 106180.05400000003, 2757.9510000000005, -103422.10300000003, -0.9034733721489356, 36588.507, 41694.63999999999, 5106.132999999994, 0.027852547197464675, 19110.94000000003, 1, 1),
(22, 40, 7224.299999999998, 8018.400999999999, 102.22599999999998, -7916.174999999999, -0.0838807510382477, 26430.953, 36584.048, 10153.095000000001, 0.10546933419763435, 228.854000000003, 1, 1),
(23, 20, 4928.379999999999, 7885.91, 1683.0879999999997, -6202.822, -0.009430592461597177, 33609.69499999999, 42256.10599999999, 8646.411, 0.044575914514986895, 443.02100000000064, 1, 1),
(24, 496, 20803.6, 14405.246, 25232.525, 10827.279000000002, 0.056145824585351875, 29267.712, 24178.815000000002, -5088.896999999997, -0.02610580803245957, -375.37200000003577, 1, 1),
(25, 228, 42241.200000000004, 17586.138999999996, 6749.2040000000015, -10836.934999999994, -0.03616892569612857, 43365.76399999999, 60229.237000000016, 16863.473000000027, 0.05467031639174785, -568.3600000000224, 1, 1),
(26, 32, 339.3, 1137.9799999999998, 1102.1449999999998, -35.835000000000036, -0.002323042625093272, 2800.6530000000002, 732.8199999999999, -2067.8330000000005, -0.28963656080071654, 103.06300000000192, 1, 1),
(27, 112, 2905.707000000001, 5403.293, 3097.7550000000015, -2305.537999999998, -0.027800581462096432, 15845.861, 23315.179000000007, 7469.318000000007, 0.12103484747763038, 292.27199999998265, 1, 1),
(28, 8, 0.0, 109.78899999999999, 16.807, -92.98199999999999, -0.11223068473970715, 161.833, 234.595, 72.762, 1.9312047137510948, -53.53, 1, 1),
(29, 114, 2212.1769999999997, 6237.197999999998, 2275.7029999999995, -3961.494999999998, -0.04490689224574485, 12867.989000000001, 16226.596999999998, 3358.6079999999965, 0.06421606833402425, 550.289000000008, 1, 1),
(30, 48, 826.9089999999999, 2937.4450000000006, 925.461, -2011.9840000000006, -0.05297269070208411, 64526.310000000005, 66191.485, 1665.1749999999956, 0.05117380525640794, 2889.4700000000084, 1, 1),
(31, 92, 2622.463, 16479.602000000003, 3534.4109999999996, -12945.191000000003, -0.06880909275701995, 48328.53600000001, 40024.11600000001, -8304.419999999998, -0.06033707932518742, -1730.1800000000076, 1, 1),
(32, 53, 2582.174, 1412.1580000000001, 227.195, -1184.9630000000002, -0.036052718082551324, 63606.14200000001, 69923.065, 6316.922999999995, 0.12807317010566674, 1469.654999999997, 1, 1),
(33, 35, 3604.14, 2897.1160000000004, 110.209, -2786.9070000000006, -0.038583296460850854, 25764.448999999997, 25463.509000000002, -300.93999999999505, -0.002938306843202744, 1547.9020000000055, 1, 1),
(34, 176, 24037.584000000006, 83109.32799999996, 7511.204000000002, -75598.12399999997, -0.16788443978531342, 2266325.737999999, 2119917.7350000003, -146408.00299999863, -0.01765222356422223, 65328.71400000001, 1, 1),
(35, 78, 11627.099999999999, 6907.679000000001, 499.75600000000003, -6407.923000000001, -0.03631330334019423, 24614.601000000006, 22526.263000000003, -2088.3380000000034, -0.01668709706144316, -2184.7590000000127, 1, 1),
(36, 13, 1034.7, 2222.866, 214.171, -2008.695, -0.13467968656237073, 17401.359000000004, 18998.426, 1597.0669999999955, 0.05410204885044051, 610.3000000000029, 1, 1),
(37, 27, 640.236, 511.79299999999995, 79.49900000000001, -432.2939999999999, -0.02268576054398721, 17043.671, 18793.43, 1749.7590000000018, 0.09371721621531158, -25.1299999999992, 1, 1),
(38, 15, 45.1, 3.245, 3.1319999999999997, -0.11300000000000043, -1.1934831594773435e-05, 6542.902, 7220.794, 677.8919999999998, 0.025396970497917993, -42.55000000000001, 1, 1),
(40, 204, 9780.43, 11848.443, 4898.116999999998, -6950.326000000001, -0.02851885446292101, 51155.44800000004, 42258.62800000002, -8896.820000000022, -0.05897380728463965, 1509.7270000000208, 1, 1),
(41, 104, 16728.049, 31564.09700000001, 3439.645, -28124.45200000001, -0.08210513865219689, 183483.09100000004, 202433.66100000005, 18950.570000000007, 0.06023511859949247, -907.7700000000332, 1, 1),
(39, 115, 1927.9700000000003, 16080.893, 1781.971, -14298.922, -0.07994409976590544, 21633.743999999995, 18430.496000000006, -3203.2479999999887, -0.030153253553857107, 325.20200000000295, 1, 1),
(42, 30, 1533.8899999999999, 10708.947000000004, 220.708, -10488.239000000003, -0.09314684672515212, 23681.595999999998, 26191.730000000003, 2510.1340000000055, 0.06717946933728731, -742.1040000000016, 1, 1),
(43, 31, 988.3822000000001, 11654.4, 105.23499999999997, -11549.164999999999, -0.5545383482589359, 21034.767999999993, 22463.720999999998, 1428.953000000005, 0.015493391964830168, 1442.268000000011, 1, 1),
(44, 63, 4468.045, 27711.835000000006, 4552.354999999999, -23159.480000000007, -0.4300258275671723, 68244.70599999998, 76164.37499999997, 7919.668999999994, 0.03216376723569224, -4231.184999999976, 1, 1),
(45, 110, 16754.746, 10105.213, 1655.9540000000004, -8449.259, -0.09163335465956834, 24184.135000000002, 22639.44700000001, -1544.687999999991, -0.01599065981689254, -118.83899999998539, 1, 1),
(46, 15, 847.7, 2690.67, 540.4499999999999, -2150.2200000000003, -0.12157133245509391, 7575.0, 6454.1, -1120.8999999999996, -0.05351246889698145, 749.300000000002, 1, 1),
(47, 21, 2582.1079999999997, 1428.6740000000002, 14607.614999999998, 13178.940999999997, 0.35667788208331747, 6395.869999999999, 24774.860000000004, 18378.990000000005, 0.3784725113776572, -144.07000000000153, 1, 1),
(48, 20, 6322.820000000001, 11390.383, 1525.9, -9864.483, -0.06749759315532378, 7661.768999999999, 12074.1, 4412.331000000001, 0.0287123739616785, -197.5, 1, 1),
(49, 57, 10949.780999999994, 15072.981000000003, 1438.9099999999996, -13634.071000000004, -0.05239743334619247, 45915.931000000004, 47858.502000000015, 1942.5710000000108, 0.023311773001527866, 29.385999999998603, 1, 1),
(50, 283, 21514.293000000005, 17220.66099999999, 12772.376999999999, -4448.283999999991, -0.019123010502569832, 79759.66199999995, 99512.04499999995, 19752.383, 0.06802089655643805, 131.55199999999968, 1, 1),
(51, 105, 6954.040999999999, 11778.496000000003, 1381.6029999999998, -10396.893000000004, -0.08207338302719815, 25939.720999999994, 25974.816999999985, 35.095999999990454, 0.00041857433386279413, 844.2370000000046, 1, 1),
(52, 73, 3335.5, 162.16799999999998, 1603.1440000000002, 1440.9760000000003, 0.039973911386987186, 7914.945000000001, 7583.46, -331.4850000000006, -0.014109769267378714, 181.25900000000092, 1, 1),
(53, 14, 341.1599999999999, 559.61, 20.184, -539.426, -0.12004122240314329, 4105.4710000000005, 4058.4, -47.07100000000037, -0.00828256914311461, -49.6569999999997, 1, 1),
(54, 4, 30447.488, 34098.78, 983.002, -33115.778, -0.07335677268795363, 14940.0, 14082.0, -858.0, -0.00809113370174082, 6625.0, 1, 1),
(55, 142, 14786.459980000001, 16592.153, 5806.659999999999, -10785.492999999999, -0.03714092663102793, 86469.46499999998, 95258.89700000001, 8789.43200000003, 0.05070395570003909, 8601.216, 1, 1),
(56, 23, 9873.14, 3754.476999999999, 2484.4999999999995, -1269.9769999999994, -0.0161056743119024, 141587.621, 151299.16999999998, 9711.54899999997, 0.05748348714293561, 2340.9000000000005, 1, 1),
(57, 97, 9182.870000000003, 14367.622999999996, 1606.4249999999995, -12761.197999999997, -0.07218130440572205, 70643.79800000002, 77409.82500000003, 6766.027000000002, 0.0532370147445013, 5011.488000000027, 1, 1),
(58, 19, 2767.8, 3424.5899999999997, 376.35999999999996, -3048.2299999999996, -0.07525489313698026, 22415.330000000005, 24348.39, 1933.059999999994, 0.031973865938882594, -253.9599999999955, 1, 1),
(59, 6, 1261.0, 231.3, 0.0, -231.3, -0.042781045388969034, 1569.7, 1694.9, 125.20000000000005, 0.03626777903305236, -50.39999999999998, 1, 1),
(60, 46, 27437.156000000006, 4618.410000000001, 10989.31, 6370.899999999999, 0.015822740797035585, 85924.07999999999, 146376.38999999998, 60452.31, 0.077243201564278, -7658.360000000015, 1, 1),
(61, 56, 2610.8014999999996, 2708.835, 1405.9500000000003, -1302.8849999999998, -0.029524359338499895, 5562.26, 2146.269, -3415.9910000000004, -0.22356291241199555, 1561.1150000000016, 1, 1),
(62, 19, 454.2020000000001, 581.005, 10.455, -570.55, -0.04012510904212, 5384.961, 4931.630000000001, -453.3309999999992, -0.06825873969827262, -43.18000000000029, 1, 1),
(63, 190, 54420.04350000001, 5494.454, 38312.09200000001, 32817.63800000001, 0.059204130149345675, 14504496.748000003, 14572888.37000001, 68391.62200000696, 0.06839240837591849, 14.92000000000553, 1, 1),
(64, 14, 0.0, 12.85, 866.7679999999999, 853.9179999999999, 0.1660763970330539, 1709.435, 1844.4179999999997, 134.98299999999972, 0.020450999823796192, 5.616, 1, 1),
(65, 12, 62.900000000000006, 32.177, 0.28, -31.897, -0.014722824832679436, 643.36, 648.5999999999999, 5.239999999999895, 0.002216113343201478, 16.299999999999955, 1, 1),
(66, 54, 360.13, 2493.9059999999995, 1120.775, -1373.1309999999994, -0.034072697400434206, 34168.93899999999, 33170.327999999994, -998.6109999999971, -0.035148035093022195, -8.802000000001499, 1, 1),
(67, 49, 1148.6999999999996, 1959.526, 337.83899999999994, -1621.6870000000001, -0.07944535265211063, 12805.016999999998, 12573.211999999998, -231.8050000000003, -0.007104265256141863, 568.9939999999933, 1, 1),
(68, 1, 237.0, 114.0, 4.0, -110.0, -0.00988586321560169, 28.0, 691.0, 663.0, 0.11562608998953611, 0.0, 1, 1),
(69, 64, 11348.427999999998, 7238.583000000001, 1319.803, -5918.780000000002, -3.6894443312033625, 19272.074, 24239.345999999998, 4967.271999999997, 0.04169940230491798, 5821.60000000002, 1, 1),
(70, 34, 644.6489999999999, 7012.8640000000005, 2212.4360000000006, -4800.428, -0.1735550301163438, 78343.32, 81804.14000000001, 3460.820000000007, 0.036284675369989854, 2434.3800000000047, 1, 1),
(71, 14, 12039.951, 2395.2400000000002, 676.0, -1719.2400000000002, 0.2905986951083466, 8711.471, 13052.7, 4341.229000000001, 0.042123929612792745, 4308.299999999996, 1, 1),
(72, 62, 5012.065000000001, 5819.185, 4479.820999999999, -1339.3640000000014, -0.017221676488733677, 49674.145000000004, 56973.066999999995, 7298.921999999991, 0.08235916356362775, 4132.284000000007, 1, 1),
(73, 23, 13006.525, 16790.000000000004, 340.95, -16449.050000000003, -0.038637364432860345, 40058.99999999999, 38545.299999999996, -1513.699999999997, -0.00815261795605351, 19628.199999999953, 1, 1),
(74, 15, 1367.2, 7667.050000000001, 219.032, -7448.018000000001, -0.26303696776462915, 6636.7300000000005, 1749.9099999999999, -4886.820000000001, -0.16393795690960036, 535.1499999999978, 1, 1),
(75, 26, 9864.233999999997, 299.955, 6106.581000000001, 5806.626000000001, 0.06047970252943721, 60612.43000000001, 64463.3, 3850.8699999999953, 0.033722233606377876, 10.166000000000622, 1, 1),
(76, 94, 4703.787, 8781.003999999997, 851.2309999999998, -7929.772999999997, -0.1519671629612957, 13004.919, 16723.042999999998, 3718.123999999998, 0.11166672648255684, 4250.830000000089, 1, 1),
(77, 3, 0.0, 0.0, 3.63, 3.63, 0.0007602890355010996, 19643.317, 18640.13, -1003.1869999999981, -0.12448509013621542, 195.5999999999999, 1, 1),
(78, 66, 25363.1, 81248.97400000003, 9195.343999999997, -72053.63000000003, -0.14605998856877186, 66016.254, 56418.047999999995, -9598.206000000006, -0.04924359879662067, 200.35400000000482, 1, 1),
(79, 31, 3803.6, 12289.936999999998, 755.4590000000002, -11534.477999999997, -0.21001214247387834, 4836.097, 5648.960999999999, 812.8639999999996, 0.025635301269128167, -152.8999999999969, 1, 1),
(80, 8, 106.30000000000001, 568.39, 8.44, -559.9499999999999, -0.07843722290627454, 213.00900000000004, 331.147, 118.13799999999995, 0.060380463670932624, 59.930000000000064, 1, 1),
(81, 11, 2475.4700000000003, 2299.3239999999996, 461.256, -1838.0679999999998, -0.09396355085243975, 2531.4, 1643.3999999999999, -888.0000000000002, -0.08493543758967005, 378.5400000000009, 1, 1),
(82, 77, 15397.205999999998, 106052.13000000002, 2868.7419999999997, -103183.38800000002, -0.20397285269381613, 38598.861000000004, 50962.71200000001, 12363.851000000002, 0.16049116548053563, 5390.1500000000015, 1, 1),
(83, 29, 142.758, 6727.737, 2586.5139999999997, -4141.223, -0.17953823483749892, 9099.756, 19303.834, 10204.078, 0.3043262127787042, 2883.119999999997, 1, 1),
(84, 309, 34027.14220000002, 63893.126999999986, 56925.771999999975, -6967.3550000000105, -0.01272896797858109, 36175.08600000002, 85104.66699999996, 48929.58099999994, 0.1430110391847462, 17166.589999999982, 1, 1),
(85, 19, 1355.8449999999998, 2745.7459999999996, 194.207, -2551.5389999999998, -0.04504629024797589, 9415.26, 14278.300000000001, 4863.040000000001, 0.20554341334512288, 284.6900000000005, 1, 1),
(86, 12, 6032.2, 12833.343000000003, 1.816, -12831.527000000002, -0.17577058627240297, 10710.019999999999, 9667.98, -1042.039999999999, -0.011210121563722657, -2548.117999999995, 1, 1),
(87, 57, 7331.743, 10734.254, 1958.8919999999998, -8775.362000000001, -0.123811511430555, 31680.478, 26975.442999999996, -4705.0350000000035, -0.0800491724542384, 682.7499999999982, 1, 1),
(88, 39, 19576.644, 3958.58, 1866.001, -2092.5789999999997, -0.010100546480477382, 38519.99199999999, 41878.71800000001, 3358.726000000017, 0.009884924384165963, 2884.0280000000057, 1, 1),
(89, 10, 15432.85, 1027.97, 115.988, -911.982, 0.08014824202083018, 10429.240000000002, 11305.11, 875.869999999999, 0.010985755681569878, 223.11000000000013, 1, 1),
(90, 19, 7282.200000000001, 9955.628, 740.135, -9215.493, -0.13482115551598087, 42657.462, 46135.422999999995, 3477.9609999999957, 0.03231158940892629, 2836.873000000036, 1, 1),
(91, 4, 5419.8, 6196.0, 14.69, -6181.31, -0.14154331956364435, 2762.4, 4783.8, 2021.4, 0.027888149399026525, -151.5, 1, 1),
(92, 26, 906.1200000000001, 2669.913, 37.913000000000004, -2632.0, -0.06265055652356062, 11849.36, 13249.661, 1400.3009999999995, 0.05285554092358942, 1373.869999999999, 1, 1),
(93, 14, 11209.699999999999, 74.3, 5729.69, 5655.389999999999, 0.03436727853016636, 24109.4, 48792.100000000006, 24682.700000000004, 0.08736719373856706, 179.20000000000073, 1, 1),
(94, 14, 1246.75, 6.840999999999999, 632.0840000000001, 625.243, 0.02909923310270876, 2993.725, 5868.3, 2874.5750000000003, 0.10031428313190156, 15.439999999999998, 1, 1);

-- fact_growth_fundamental_eb (94 rows)
insert into industry.fact_growth_fundamental_eb (industry_id, num_firms, roc, reinvestment_rate, expected_growth_ebit, vintage_id, region_id) values
(1, 52, 0.2772269074749548, -0.20502082103706407, -0.05683728818408143, 1, 1),
(2, 79, 0.16012360749257398, 0.6791726169949143, 0.10875156954339793, 1, 1),
(3, 23, 0.07929312533704834, 0.8375441324988381, 0.06641149187353979, 1, 1),
(4, 35, 0.15768515602445898, 0.3147357131772605, 0.049629150038825696, 1, 1),
(5, 33, 0.022474128513756082, -0.38556790821030457, -0.008665302719898493, 1, 1),
(6, 35, 0.08975948273328078, 0.38991609265032834, 0.03499866678567546, 1, 1),
(7, 15, NULL, 0.049849161250959236, NULL, 1, 1),
(8, 568, NULL, NULL, NULL, 1, 1),
(9, 14, 0.15744765776572892, 0.22017927986497438, 0.03466671190328513, 1, 1),
(10, 27, 0.2902563541349132, 0.3393378251123354, 0.09849495993717726, 1, 1),
(11, 24, 0.14567294791803095, 1.8876238158055407, 0.2749757258086754, 1, 1),
(12, 32, NULL, NULL, NULL, 1, 1),
(13, 41, 0.20164568716545334, 0.38226087278009907, 0.07708125636820902, 1, 1),
(14, 155, 0.28297691435712685, 0.44385905738871967, 0.12560186646932278, 1, 1),
(15, 9, 0.12062120565621212, -0.06823876146449355, -0.00823104168033388, 1, 1),
(16, 29, 0.037245953068641535, 1.5865275072547198, 0.059091729077318134, 1, 1),
(17, 4, 0.040542644509719825, -0.45735482683522954, -0.01854237415918518, 1, 1),
(18, 59, 0.10949443918503624, 0.51614040151385, 0.056514503804498434, 1, 1),
(19, 16, -0.04759627013362316, NULL, NULL, 1, 1),
(20, 64, 0.26348563236851774, 0.4440778108641379, 0.11700812281636438, 1, 1),
(21, 36, 0.4476035274383902, 0.21368899754474255, 0.09564794907580026, 1, 1),
(22, 40, 0.16706062867511484, 0.6300761309589157, 0.10526091455118045, 1, 1),
(23, 20, 0.14821356557111473, 0.1826562870176915, 0.02707213957287297, 1, 1),
(24, 496, 0.03525374326558564, -0.45020504417500956, -0.01587141304421743, 1, 1),
(25, 228, 0.16949548287090127, 0.09997397021658551, 0.016945136356381264, 1, 1),
(26, 32, 0.15944153901851482, 0.23524495902130976, 0.03750781831270508, 1, 1),
(27, 112, 0.15595603913111394, 0.5468269978345046, 0.08528097267222756, 1, 1),
(28, 8, -0.0834551474050309, NULL, NULL, 1, 1),
(29, 114, 0.17911725405258233, 0.7717649554371149, 0.13823641959190958, 1, 1),
(30, 48, 0.2531760347582192, 1.1244004774956353, 0.2846712543725932, 1, 1),
(31, 92, 0.12420599801084616, -0.15551247254089462, -0.019315581855076123, 1, 1),
(32, 53, 0.31754796538384716, 1.2140192826751521, 0.3855093531502522, 1, 1),
(33, 35, 0.07277942934792668, 0.5261218871200917, 0.03829085071205457, 1, 1),
(34, 176, NULL, 0.14141047544330232, NULL, 1, 1),
(35, 78, 0.15949707214923414, 0.3277257304883673, 0.05227129448086358, 1, 1),
(36, 13, 0.17837019301943033, 0.8133778016934007, 0.1450823554857718, 1, 1),
(37, 27, 0.1058742891265975, 1.400632775995067, 0.1482909994858906, 1, 1),
(38, 15, 0.036367416094179386, 0.6381961322283143, 0.023209544290443033, 1, 1),
(40, 204, 0.16980778635574598, 0.45993629154938714, 0.07810076353267242, 1, 1),
(41, 104, 0.3119296654846798, 0.5071460718638532, 0.1581939045483611, 1, 1),
(39, 115, 0.13716783348113318, 0.12116668188545907, 0.016620171244326083, 1, 1),
(42, 30, 0.1490812879349228, 0.3102881169932895, 0.04625815211226161, 1, 1),
(43, 31, 0.22163970318779982, 0.33909534063860475, 0.07515699065150623, 1, 1),
(44, 63, 0.14575119045322596, 0.2537482328832064, 0.03698410701812975, 1, 1),
(45, 110, 0.34419837512001855, 0.07757640989499602, 0.02670167423350216, 1, 1),
(46, 15, 0.2217430042193927, -0.2678902088965883, -0.059402779721690176, 1, 1),
(47, 21, 0.4450609958826383, 3.242072539208152, 1.4429200330237342, 1, 1),
(48, 20, 0.1076576568830416, 0.0531386403080186, 0.00572078150551203, 1, 1),
(49, 57, 0.18488979223477825, 0.02004685115969638, 0.003706458145877787, 1, 1),
(50, 283, 0.14253207300518655, 1.310653356484875, 0.18681013989099501, 1, 1),
(51, 105, 0.24408325788322105, 0.3432570745381548, 0.08378330504473647, 1, 1),
(52, 73, 0.2704361776786952, 0.3240321753052389, 0.0876300229344617, 1, 1),
(53, 14, 0.18260160203320722, 0.32291643070222387, 0.05896505756907122, 1, 1),
(54, 4, 0.0844906040235468, 0.08394892143738739, 0.007092895079370137, 1, 1),
(55, 142, 0.13731095270967508, 1.0047519443561985, 0.13796344671644806, 1, 1),
(56, 23, 0.12351055159122301, 0.9963382714100507, 0.12305828947330102, 1, 1),
(57, 97, 0.11937951003115008, 0.3218336130235796, 0.03842033903430969, 1, 1),
(58, 19, 0.14816927195835602, 0.9395850663597047, 0.13921763522546107, 1, 1),
(59, 6, 0.1041420566237548, 0.4428777043889832, 0.04612219496787603, 1, 1),
(60, 46, 0.06921872420290816, 1.3095343770177144, 0.09064429887701632, 1, 1),
(61, 56, 0.25451637862422194, 0.29453368157161064, 0.07496364601646607, 1, 1),
(62, 19, 0.17632773244458913, 0.024902842363282593, 0.004391061725342673, 1, 1),
(63, 190, 0.03203080280639824, -0.5756977397647453, -0.018440060778493726, 1, 1),
(64, 14, 0.07043355884782262, -0.4661687857371448, -0.032833926603235204, 1, 1),
(65, 12, 0.05194923071492735, 0.9657439214915322, 0.05016965378910229, 1, 1),
(66, 54, 0.059426974075348735, 0.9759756594486397, 0.057999280212225696, 1, 1),
(67, 49, 0.08024512691065157, 0.056629490290082345, 0.004544240635213168, 1, 1),
(68, 1, 0.10144338115914428, 0.3089932998182829, 0.03134532508908782, 1, 1),
(69, 64, 0.18360436293768279, 0.37613202647005795, 0.06905948110049463, 1, 1),
(70, 34, 0.12190476293616061, 0.461778096222205, 0.05629294934907946, 1, 1),
(71, 14, 0.3494656524485739, 0.7351554799221606, 0.2569115894421423, 1, 1),
(72, 62, 0.1611399066695283, 1.522067587834988, 0.24526582904844405, 1, 1),
(73, 23, 0.13590825384807578, 0.9396593445508252, 0.12770746072993006, 1, 1),
(74, 15, 0.06763219560214334, -0.986095767319352, -0.06669182181778804, 1, 1),
(75, 26, 0.051639531083079775, -0.6131931990634106, -0.03166500926296812, 1, 1),
(76, 94, 0.21539093465658196, 0.3836540602643476, 0.08263560662513046, 1, 1),
(77, 3, 0.03168147259457092, 0.3864725146795398, 0.012244018382374749, 1, 1),
(78, 66, 0.27226966835133587, 0.3528579818500374, 0.09607252569343137, 1, 1),
(79, 31, 0.28404463068412095, 0.27453102170954213, 0.07797906267282129, 1, 1),
(80, 8, 0.11992332943837858, 0.36708062720816004, 0.04402153098713081, 1, 1),
(81, 11, 0.20929696659653424, 0.1910578706044996, 0.039987832761914914, 1, 1),
(82, 77, 0.2701916640773067, 0.8236394230364615, 0.22254050630989433, 1, 1),
(83, 29, 0.034347801967415575, 14.14213936786985, 0.4857514024031853, 1, 1),
(84, 309, 0.2931842949283384, 0.7377874473291637, 0.21630769255217946, 1, 1),
(85, 19, 0.06720259161412713, 2.1148871304839734, 0.14212589613988766, 1, 1),
(86, 12, 0.10372019614469251, 0.16420320614543388, 0.01703118874899178, 1, 1),
(87, 57, 0.2547374909112715, 0.4660719333859651, 0.11872599489490603, 1, 1),
(88, 39, 0.12036566743047672, 0.1195448837923946, 0.014389099725570354, 1, 1),
(89, 10, 0.6307780350577148, 0.023804720412749773, 0.015015494767052575, 1, 1),
(90, 19, 0.1300079849084052, 0.5150479409503609, 0.0669603449341797, 1, 1),
(91, 4, 0.14236959522310544, 0.20077787407250486, 0.02858466466145815, 1, 1),
(92, 26, 0.0929945748076969, 0.9871253630575415, 0.09179730341942952, 1, 1),
(93, 14, 0.05994651585116697, 1.7230109546789445, 0.10328850350639568, 1, 1),
(94, 14, 0.08955910414193033, 1.6217760551676135, 0.14524481061964525, 1, 1);

-- fact_industry_firmcount (658 rows)
insert into industry.fact_industry_firmcount (industry_id, num_firms, dataset_code, vintage_id, region_id) values
(1, 52, 'margins', 1, 1),
(2, 79, 'margins', 1, 1),
(3, 23, 'margins', 1, 1),
(4, 35, 'margins', 1, 1),
(5, 33, 'margins', 1, 1),
(6, 35, 'margins', 1, 1),
(7, 15, 'margins', 1, 1),
(8, 568, 'margins', 1, 1),
(9, 14, 'margins', 1, 1),
(10, 27, 'margins', 1, 1),
(11, 24, 'margins', 1, 1),
(12, 32, 'margins', 1, 1),
(13, 41, 'margins', 1, 1),
(14, 155, 'margins', 1, 1),
(15, 9, 'margins', 1, 1),
(16, 29, 'margins', 1, 1),
(17, 4, 'margins', 1, 1),
(18, 59, 'margins', 1, 1),
(19, 16, 'margins', 1, 1),
(20, 64, 'margins', 1, 1),
(21, 36, 'margins', 1, 1),
(22, 40, 'margins', 1, 1),
(23, 20, 'margins', 1, 1),
(24, 496, 'margins', 1, 1),
(25, 228, 'margins', 1, 1),
(26, 32, 'margins', 1, 1),
(27, 112, 'margins', 1, 1),
(28, 8, 'margins', 1, 1),
(29, 114, 'margins', 1, 1),
(30, 48, 'margins', 1, 1),
(31, 92, 'margins', 1, 1),
(32, 53, 'margins', 1, 1),
(33, 35, 'margins', 1, 1),
(34, 176, 'margins', 1, 1),
(35, 78, 'margins', 1, 1),
(36, 13, 'margins', 1, 1),
(37, 27, 'margins', 1, 1),
(38, 15, 'margins', 1, 1),
(40, 204, 'margins', 1, 1),
(41, 104, 'margins', 1, 1),
(39, 115, 'margins', 1, 1),
(42, 30, 'margins', 1, 1),
(43, 31, 'margins', 1, 1),
(44, 63, 'margins', 1, 1),
(45, 110, 'margins', 1, 1),
(46, 15, 'margins', 1, 1),
(47, 21, 'margins', 1, 1),
(48, 20, 'margins', 1, 1),
(49, 57, 'margins', 1, 1),
(50, 283, 'margins', 1, 1),
(51, 105, 'margins', 1, 1),
(52, 73, 'margins', 1, 1),
(53, 14, 'margins', 1, 1),
(54, 4, 'margins', 1, 1),
(55, 142, 'margins', 1, 1),
(56, 23, 'margins', 1, 1),
(57, 97, 'margins', 1, 1),
(58, 19, 'margins', 1, 1),
(59, 6, 'margins', 1, 1),
(60, 46, 'margins', 1, 1),
(61, 56, 'margins', 1, 1),
(62, 19, 'margins', 1, 1),
(63, 190, 'margins', 1, 1),
(64, 14, 'margins', 1, 1),
(65, 12, 'margins', 1, 1),
(66, 54, 'margins', 1, 1),
(67, 49, 'margins', 1, 1),
(68, 1, 'margins', 1, 1),
(69, 64, 'margins', 1, 1),
(70, 34, 'margins', 1, 1),
(71, 14, 'margins', 1, 1),
(72, 62, 'margins', 1, 1),
(73, 23, 'margins', 1, 1),
(74, 15, 'margins', 1, 1),
(75, 26, 'margins', 1, 1),
(76, 94, 'margins', 1, 1),
(77, 3, 'margins', 1, 1),
(78, 66, 'margins', 1, 1),
(79, 31, 'margins', 1, 1),
(80, 8, 'margins', 1, 1),
(81, 11, 'margins', 1, 1),
(82, 77, 'margins', 1, 1),
(83, 29, 'margins', 1, 1),
(84, 309, 'margins', 1, 1),
(85, 19, 'margins', 1, 1),
(86, 12, 'margins', 1, 1),
(87, 57, 'margins', 1, 1),
(88, 39, 'margins', 1, 1),
(89, 10, 'margins', 1, 1),
(90, 19, 'margins', 1, 1),
(91, 4, 'margins', 1, 1),
(92, 26, 'margins', 1, 1),
(93, 14, 'margins', 1, 1),
(94, 14, 'margins', 1, 1),
(1, 52, 'rnd', 1, 1),
(2, 79, 'rnd', 1, 1),
(3, 23, 'rnd', 1, 1),
(4, 35, 'rnd', 1, 1),
(5, 33, 'rnd', 1, 1),
(6, 35, 'rnd', 1, 1),
(7, 15, 'rnd', 1, 1),
(8, 568, 'rnd', 1, 1),
(9, 14, 'rnd', 1, 1),
(10, 27, 'rnd', 1, 1),
(11, 24, 'rnd', 1, 1),
(12, 32, 'rnd', 1, 1),
(13, 41, 'rnd', 1, 1),
(14, 155, 'rnd', 1, 1),
(15, 9, 'rnd', 1, 1),
(16, 29, 'rnd', 1, 1),
(17, 4, 'rnd', 1, 1),
(18, 59, 'rnd', 1, 1),
(19, 16, 'rnd', 1, 1),
(20, 64, 'rnd', 1, 1),
(21, 36, 'rnd', 1, 1),
(22, 40, 'rnd', 1, 1),
(23, 20, 'rnd', 1, 1),
(24, 496, 'rnd', 1, 1),
(25, 228, 'rnd', 1, 1),
(26, 32, 'rnd', 1, 1),
(27, 112, 'rnd', 1, 1),
(28, 8, 'rnd', 1, 1),
(29, 114, 'rnd', 1, 1),
(30, 48, 'rnd', 1, 1),
(31, 92, 'rnd', 1, 1),
(32, 53, 'rnd', 1, 1),
(33, 35, 'rnd', 1, 1),
(34, 176, 'rnd', 1, 1),
(35, 78, 'rnd', 1, 1),
(36, 13, 'rnd', 1, 1),
(37, 27, 'rnd', 1, 1),
(38, 15, 'rnd', 1, 1),
(40, 204, 'rnd', 1, 1),
(41, 104, 'rnd', 1, 1),
(39, 115, 'rnd', 1, 1),
(42, 30, 'rnd', 1, 1),
(43, 31, 'rnd', 1, 1),
(44, 63, 'rnd', 1, 1),
(45, 110, 'rnd', 1, 1),
(46, 15, 'rnd', 1, 1),
(47, 21, 'rnd', 1, 1),
(48, 20, 'rnd', 1, 1),
(49, 57, 'rnd', 1, 1),
(50, 283, 'rnd', 1, 1),
(51, 105, 'rnd', 1, 1),
(52, 73, 'rnd', 1, 1),
(53, 14, 'rnd', 1, 1),
(54, 4, 'rnd', 1, 1),
(55, 142, 'rnd', 1, 1),
(56, 23, 'rnd', 1, 1),
(57, 97, 'rnd', 1, 1),
(58, 19, 'rnd', 1, 1),
(59, 6, 'rnd', 1, 1),
(60, 46, 'rnd', 1, 1),
(61, 56, 'rnd', 1, 1),
(62, 19, 'rnd', 1, 1),
(63, 190, 'rnd', 1, 1),
(64, 14, 'rnd', 1, 1),
(65, 12, 'rnd', 1, 1),
(66, 54, 'rnd', 1, 1),
(67, 49, 'rnd', 1, 1),
(68, 1, 'rnd', 1, 1),
(69, 64, 'rnd', 1, 1),
(70, 34, 'rnd', 1, 1),
(71, 14, 'rnd', 1, 1),
(72, 62, 'rnd', 1, 1),
(73, 23, 'rnd', 1, 1),
(74, 15, 'rnd', 1, 1),
(75, 26, 'rnd', 1, 1),
(76, 94, 'rnd', 1, 1),
(77, 3, 'rnd', 1, 1),
(78, 66, 'rnd', 1, 1),
(79, 31, 'rnd', 1, 1),
(80, 8, 'rnd', 1, 1),
(81, 11, 'rnd', 1, 1),
(82, 77, 'rnd', 1, 1),
(83, 29, 'rnd', 1, 1),
(84, 309, 'rnd', 1, 1),
(85, 19, 'rnd', 1, 1),
(86, 12, 'rnd', 1, 1),
(87, 57, 'rnd', 1, 1),
(88, 39, 'rnd', 1, 1),
(89, 10, 'rnd', 1, 1),
(90, 19, 'rnd', 1, 1),
(91, 4, 'rnd', 1, 1),
(92, 26, 'rnd', 1, 1),
(93, 14, 'rnd', 1, 1),
(94, 14, 'rnd', 1, 1),
(1, 52, 'finflows', 1, 1),
(2, 79, 'finflows', 1, 1),
(3, 23, 'finflows', 1, 1),
(4, 35, 'finflows', 1, 1),
(5, 33, 'finflows', 1, 1),
(6, 35, 'finflows', 1, 1),
(7, 15, 'finflows', 1, 1),
(8, 568, 'finflows', 1, 1),
(9, 14, 'finflows', 1, 1),
(10, 27, 'finflows', 1, 1),
(11, 24, 'finflows', 1, 1),
(12, 32, 'finflows', 1, 1),
(13, 41, 'finflows', 1, 1),
(14, 155, 'finflows', 1, 1),
(15, 9, 'finflows', 1, 1),
(16, 29, 'finflows', 1, 1),
(17, 4, 'finflows', 1, 1),
(18, 59, 'finflows', 1, 1),
(19, 16, 'finflows', 1, 1),
(20, 64, 'finflows', 1, 1),
(21, 36, 'finflows', 1, 1),
(22, 40, 'finflows', 1, 1),
(23, 20, 'finflows', 1, 1),
(24, 496, 'finflows', 1, 1),
(25, 228, 'finflows', 1, 1),
(26, 32, 'finflows', 1, 1),
(27, 112, 'finflows', 1, 1),
(28, 8, 'finflows', 1, 1),
(29, 114, 'finflows', 1, 1),
(30, 48, 'finflows', 1, 1),
(31, 92, 'finflows', 1, 1),
(32, 53, 'finflows', 1, 1),
(33, 35, 'finflows', 1, 1),
(34, 176, 'finflows', 1, 1),
(35, 78, 'finflows', 1, 1),
(36, 13, 'finflows', 1, 1),
(37, 27, 'finflows', 1, 1),
(38, 15, 'finflows', 1, 1),
(40, 204, 'finflows', 1, 1),
(41, 104, 'finflows', 1, 1),
(39, 115, 'finflows', 1, 1),
(42, 30, 'finflows', 1, 1),
(43, 31, 'finflows', 1, 1),
(44, 63, 'finflows', 1, 1),
(45, 110, 'finflows', 1, 1),
(46, 15, 'finflows', 1, 1),
(47, 21, 'finflows', 1, 1),
(48, 20, 'finflows', 1, 1),
(49, 57, 'finflows', 1, 1),
(50, 283, 'finflows', 1, 1),
(51, 105, 'finflows', 1, 1),
(52, 73, 'finflows', 1, 1),
(53, 14, 'finflows', 1, 1),
(54, 4, 'finflows', 1, 1),
(55, 142, 'finflows', 1, 1),
(56, 23, 'finflows', 1, 1),
(57, 97, 'finflows', 1, 1),
(58, 19, 'finflows', 1, 1),
(59, 6, 'finflows', 1, 1),
(60, 46, 'finflows', 1, 1),
(61, 56, 'finflows', 1, 1),
(62, 19, 'finflows', 1, 1),
(63, 190, 'finflows', 1, 1),
(64, 14, 'finflows', 1, 1),
(65, 12, 'finflows', 1, 1),
(66, 54, 'finflows', 1, 1),
(67, 49, 'finflows', 1, 1),
(68, 1, 'finflows', 1, 1),
(69, 64, 'finflows', 1, 1),
(70, 34, 'finflows', 1, 1),
(71, 14, 'finflows', 1, 1),
(72, 62, 'finflows', 1, 1),
(73, 23, 'finflows', 1, 1),
(74, 15, 'finflows', 1, 1),
(75, 26, 'finflows', 1, 1),
(76, 94, 'finflows', 1, 1),
(77, 3, 'finflows', 1, 1),
(78, 66, 'finflows', 1, 1),
(79, 31, 'finflows', 1, 1),
(80, 8, 'finflows', 1, 1),
(81, 11, 'finflows', 1, 1),
(82, 77, 'finflows', 1, 1),
(83, 29, 'finflows', 1, 1),
(84, 309, 'finflows', 1, 1),
(85, 19, 'finflows', 1, 1),
(86, 12, 'finflows', 1, 1),
(87, 57, 'finflows', 1, 1),
(88, 39, 'finflows', 1, 1),
(89, 10, 'finflows', 1, 1),
(90, 19, 'finflows', 1, 1),
(91, 4, 'finflows', 1, 1),
(92, 26, 'finflows', 1, 1),
(93, 14, 'finflows', 1, 1),
(94, 14, 'finflows', 1, 1),
(1, 52, 'multiples_ps', 1, 1),
(2, 79, 'multiples_ps', 1, 1),
(3, 23, 'multiples_ps', 1, 1),
(4, 35, 'multiples_ps', 1, 1),
(5, 33, 'multiples_ps', 1, 1),
(6, 35, 'multiples_ps', 1, 1),
(7, 15, 'multiples_ps', 1, 1),
(8, 568, 'multiples_ps', 1, 1),
(9, 14, 'multiples_ps', 1, 1),
(10, 27, 'multiples_ps', 1, 1),
(11, 24, 'multiples_ps', 1, 1),
(12, 32, 'multiples_ps', 1, 1),
(13, 41, 'multiples_ps', 1, 1),
(14, 155, 'multiples_ps', 1, 1),
(15, 9, 'multiples_ps', 1, 1),
(16, 29, 'multiples_ps', 1, 1),
(17, 4, 'multiples_ps', 1, 1),
(18, 59, 'multiples_ps', 1, 1),
(19, 16, 'multiples_ps', 1, 1),
(20, 64, 'multiples_ps', 1, 1),
(21, 36, 'multiples_ps', 1, 1),
(22, 40, 'multiples_ps', 1, 1),
(23, 20, 'multiples_ps', 1, 1),
(24, 496, 'multiples_ps', 1, 1),
(25, 228, 'multiples_ps', 1, 1),
(26, 32, 'multiples_ps', 1, 1),
(27, 112, 'multiples_ps', 1, 1),
(28, 8, 'multiples_ps', 1, 1),
(29, 114, 'multiples_ps', 1, 1),
(30, 48, 'multiples_ps', 1, 1),
(31, 92, 'multiples_ps', 1, 1),
(32, 53, 'multiples_ps', 1, 1),
(33, 35, 'multiples_ps', 1, 1),
(34, 176, 'multiples_ps', 1, 1),
(35, 78, 'multiples_ps', 1, 1),
(36, 13, 'multiples_ps', 1, 1),
(37, 27, 'multiples_ps', 1, 1),
(38, 15, 'multiples_ps', 1, 1),
(40, 204, 'multiples_ps', 1, 1),
(41, 104, 'multiples_ps', 1, 1),
(39, 115, 'multiples_ps', 1, 1),
(42, 30, 'multiples_ps', 1, 1),
(43, 31, 'multiples_ps', 1, 1),
(44, 63, 'multiples_ps', 1, 1),
(45, 110, 'multiples_ps', 1, 1),
(46, 15, 'multiples_ps', 1, 1),
(47, 21, 'multiples_ps', 1, 1),
(48, 20, 'multiples_ps', 1, 1),
(49, 57, 'multiples_ps', 1, 1),
(50, 283, 'multiples_ps', 1, 1),
(51, 105, 'multiples_ps', 1, 1),
(52, 73, 'multiples_ps', 1, 1),
(53, 14, 'multiples_ps', 1, 1),
(54, 4, 'multiples_ps', 1, 1),
(55, 142, 'multiples_ps', 1, 1),
(56, 23, 'multiples_ps', 1, 1),
(57, 97, 'multiples_ps', 1, 1),
(58, 19, 'multiples_ps', 1, 1),
(59, 6, 'multiples_ps', 1, 1),
(60, 46, 'multiples_ps', 1, 1),
(61, 56, 'multiples_ps', 1, 1),
(62, 19, 'multiples_ps', 1, 1),
(63, 190, 'multiples_ps', 1, 1),
(64, 14, 'multiples_ps', 1, 1),
(65, 12, 'multiples_ps', 1, 1),
(66, 54, 'multiples_ps', 1, 1),
(67, 49, 'multiples_ps', 1, 1),
(68, 1, 'multiples_ps', 1, 1),
(69, 64, 'multiples_ps', 1, 1),
(70, 34, 'multiples_ps', 1, 1),
(71, 14, 'multiples_ps', 1, 1),
(72, 62, 'multiples_ps', 1, 1),
(73, 23, 'multiples_ps', 1, 1),
(74, 15, 'multiples_ps', 1, 1),
(75, 26, 'multiples_ps', 1, 1),
(76, 94, 'multiples_ps', 1, 1),
(77, 3, 'multiples_ps', 1, 1),
(78, 66, 'multiples_ps', 1, 1),
(79, 31, 'multiples_ps', 1, 1),
(80, 8, 'multiples_ps', 1, 1),
(81, 11, 'multiples_ps', 1, 1),
(82, 77, 'multiples_ps', 1, 1),
(83, 29, 'multiples_ps', 1, 1),
(84, 309, 'multiples_ps', 1, 1),
(85, 19, 'multiples_ps', 1, 1),
(86, 12, 'multiples_ps', 1, 1),
(87, 57, 'multiples_ps', 1, 1),
(88, 39, 'multiples_ps', 1, 1),
(89, 10, 'multiples_ps', 1, 1),
(90, 19, 'multiples_ps', 1, 1),
(91, 4, 'multiples_ps', 1, 1),
(92, 26, 'multiples_ps', 1, 1),
(93, 14, 'multiples_ps', 1, 1),
(94, 14, 'multiples_ps', 1, 1),
(1, 52, 'multiples_pe', 1, 1),
(2, 79, 'multiples_pe', 1, 1),
(3, 23, 'multiples_pe', 1, 1),
(4, 35, 'multiples_pe', 1, 1),
(5, 33, 'multiples_pe', 1, 1),
(6, 35, 'multiples_pe', 1, 1),
(7, 15, 'multiples_pe', 1, 1),
(8, 568, 'multiples_pe', 1, 1),
(9, 14, 'multiples_pe', 1, 1),
(10, 27, 'multiples_pe', 1, 1),
(11, 24, 'multiples_pe', 1, 1),
(12, 32, 'multiples_pe', 1, 1),
(13, 41, 'multiples_pe', 1, 1),
(14, 155, 'multiples_pe', 1, 1),
(15, 9, 'multiples_pe', 1, 1),
(16, 29, 'multiples_pe', 1, 1),
(17, 4, 'multiples_pe', 1, 1),
(18, 59, 'multiples_pe', 1, 1),
(19, 16, 'multiples_pe', 1, 1),
(20, 64, 'multiples_pe', 1, 1),
(21, 36, 'multiples_pe', 1, 1),
(22, 40, 'multiples_pe', 1, 1),
(23, 20, 'multiples_pe', 1, 1),
(24, 496, 'multiples_pe', 1, 1),
(25, 228, 'multiples_pe', 1, 1),
(26, 32, 'multiples_pe', 1, 1),
(27, 112, 'multiples_pe', 1, 1),
(28, 8, 'multiples_pe', 1, 1),
(29, 114, 'multiples_pe', 1, 1),
(30, 48, 'multiples_pe', 1, 1),
(31, 92, 'multiples_pe', 1, 1),
(32, 53, 'multiples_pe', 1, 1),
(33, 35, 'multiples_pe', 1, 1),
(34, 176, 'multiples_pe', 1, 1),
(35, 78, 'multiples_pe', 1, 1),
(36, 13, 'multiples_pe', 1, 1),
(37, 27, 'multiples_pe', 1, 1),
(38, 15, 'multiples_pe', 1, 1),
(40, 204, 'multiples_pe', 1, 1),
(41, 104, 'multiples_pe', 1, 1),
(39, 115, 'multiples_pe', 1, 1),
(42, 30, 'multiples_pe', 1, 1),
(43, 31, 'multiples_pe', 1, 1),
(44, 63, 'multiples_pe', 1, 1),
(45, 110, 'multiples_pe', 1, 1),
(46, 15, 'multiples_pe', 1, 1),
(47, 21, 'multiples_pe', 1, 1),
(48, 20, 'multiples_pe', 1, 1),
(49, 57, 'multiples_pe', 1, 1),
(50, 283, 'multiples_pe', 1, 1),
(51, 105, 'multiples_pe', 1, 1),
(52, 73, 'multiples_pe', 1, 1),
(53, 14, 'multiples_pe', 1, 1),
(54, 4, 'multiples_pe', 1, 1),
(55, 142, 'multiples_pe', 1, 1),
(56, 23, 'multiples_pe', 1, 1),
(57, 97, 'multiples_pe', 1, 1),
(58, 19, 'multiples_pe', 1, 1),
(59, 6, 'multiples_pe', 1, 1),
(60, 46, 'multiples_pe', 1, 1),
(61, 56, 'multiples_pe', 1, 1),
(62, 19, 'multiples_pe', 1, 1),
(63, 190, 'multiples_pe', 1, 1),
(64, 14, 'multiples_pe', 1, 1),
(65, 12, 'multiples_pe', 1, 1),
(66, 54, 'multiples_pe', 1, 1),
(67, 49, 'multiples_pe', 1, 1),
(68, 1, 'multiples_pe', 1, 1),
(69, 64, 'multiples_pe', 1, 1),
(70, 34, 'multiples_pe', 1, 1),
(71, 14, 'multiples_pe', 1, 1),
(72, 62, 'multiples_pe', 1, 1),
(73, 23, 'multiples_pe', 1, 1),
(74, 15, 'multiples_pe', 1, 1),
(75, 26, 'multiples_pe', 1, 1),
(76, 94, 'multiples_pe', 1, 1),
(77, 3, 'multiples_pe', 1, 1),
(78, 66, 'multiples_pe', 1, 1),
(79, 31, 'multiples_pe', 1, 1),
(80, 8, 'multiples_pe', 1, 1),
(81, 11, 'multiples_pe', 1, 1),
(82, 77, 'multiples_pe', 1, 1),
(83, 29, 'multiples_pe', 1, 1),
(84, 309, 'multiples_pe', 1, 1),
(85, 19, 'multiples_pe', 1, 1),
(86, 12, 'multiples_pe', 1, 1),
(87, 57, 'multiples_pe', 1, 1),
(88, 39, 'multiples_pe', 1, 1),
(89, 10, 'multiples_pe', 1, 1),
(90, 19, 'multiples_pe', 1, 1),
(91, 4, 'multiples_pe', 1, 1),
(92, 26, 'multiples_pe', 1, 1),
(93, 14, 'multiples_pe', 1, 1),
(94, 14, 'multiples_pe', 1, 1),
(1, 52, 'dividends_fcfe', 1, 1),
(2, 79, 'dividends_fcfe', 1, 1),
(3, 23, 'dividends_fcfe', 1, 1),
(4, 35, 'dividends_fcfe', 1, 1),
(5, 33, 'dividends_fcfe', 1, 1),
(6, 35, 'dividends_fcfe', 1, 1),
(7, 15, 'dividends_fcfe', 1, 1),
(8, 568, 'dividends_fcfe', 1, 1),
(9, 14, 'dividends_fcfe', 1, 1),
(10, 27, 'dividends_fcfe', 1, 1),
(11, 24, 'dividends_fcfe', 1, 1),
(12, 32, 'dividends_fcfe', 1, 1),
(13, 41, 'dividends_fcfe', 1, 1),
(14, 155, 'dividends_fcfe', 1, 1),
(15, 9, 'dividends_fcfe', 1, 1),
(16, 29, 'dividends_fcfe', 1, 1),
(17, 4, 'dividends_fcfe', 1, 1),
(18, 59, 'dividends_fcfe', 1, 1),
(19, 16, 'dividends_fcfe', 1, 1),
(20, 64, 'dividends_fcfe', 1, 1),
(21, 36, 'dividends_fcfe', 1, 1),
(22, 40, 'dividends_fcfe', 1, 1),
(23, 20, 'dividends_fcfe', 1, 1),
(24, 496, 'dividends_fcfe', 1, 1),
(25, 228, 'dividends_fcfe', 1, 1),
(26, 32, 'dividends_fcfe', 1, 1),
(27, 112, 'dividends_fcfe', 1, 1),
(28, 8, 'dividends_fcfe', 1, 1),
(29, 114, 'dividends_fcfe', 1, 1),
(30, 48, 'dividends_fcfe', 1, 1),
(31, 92, 'dividends_fcfe', 1, 1),
(32, 53, 'dividends_fcfe', 1, 1),
(33, 35, 'dividends_fcfe', 1, 1),
(34, 176, 'dividends_fcfe', 1, 1),
(35, 78, 'dividends_fcfe', 1, 1),
(36, 13, 'dividends_fcfe', 1, 1),
(37, 27, 'dividends_fcfe', 1, 1),
(38, 15, 'dividends_fcfe', 1, 1),
(40, 204, 'dividends_fcfe', 1, 1),
(41, 104, 'dividends_fcfe', 1, 1),
(39, 115, 'dividends_fcfe', 1, 1),
(42, 30, 'dividends_fcfe', 1, 1),
(43, 31, 'dividends_fcfe', 1, 1),
(44, 63, 'dividends_fcfe', 1, 1),
(45, 110, 'dividends_fcfe', 1, 1),
(46, 15, 'dividends_fcfe', 1, 1),
(47, 21, 'dividends_fcfe', 1, 1),
(48, 20, 'dividends_fcfe', 1, 1),
(49, 57, 'dividends_fcfe', 1, 1),
(50, 283, 'dividends_fcfe', 1, 1),
(51, 105, 'dividends_fcfe', 1, 1),
(52, 73, 'dividends_fcfe', 1, 1),
(53, 14, 'dividends_fcfe', 1, 1),
(54, 4, 'dividends_fcfe', 1, 1),
(55, 142, 'dividends_fcfe', 1, 1),
(56, 23, 'dividends_fcfe', 1, 1),
(57, 97, 'dividends_fcfe', 1, 1),
(58, 19, 'dividends_fcfe', 1, 1),
(59, 6, 'dividends_fcfe', 1, 1),
(60, 46, 'dividends_fcfe', 1, 1),
(61, 56, 'dividends_fcfe', 1, 1),
(62, 19, 'dividends_fcfe', 1, 1),
(63, 190, 'dividends_fcfe', 1, 1),
(64, 14, 'dividends_fcfe', 1, 1),
(65, 12, 'dividends_fcfe', 1, 1),
(66, 54, 'dividends_fcfe', 1, 1),
(67, 49, 'dividends_fcfe', 1, 1),
(68, 1, 'dividends_fcfe', 1, 1),
(69, 64, 'dividends_fcfe', 1, 1),
(70, 34, 'dividends_fcfe', 1, 1),
(71, 14, 'dividends_fcfe', 1, 1),
(72, 62, 'dividends_fcfe', 1, 1),
(73, 23, 'dividends_fcfe', 1, 1),
(74, 15, 'dividends_fcfe', 1, 1),
(75, 26, 'dividends_fcfe', 1, 1),
(76, 94, 'dividends_fcfe', 1, 1),
(77, 3, 'dividends_fcfe', 1, 1),
(78, 66, 'dividends_fcfe', 1, 1),
(79, 31, 'dividends_fcfe', 1, 1),
(80, 8, 'dividends_fcfe', 1, 1),
(81, 11, 'dividends_fcfe', 1, 1),
(82, 77, 'dividends_fcfe', 1, 1),
(83, 29, 'dividends_fcfe', 1, 1),
(84, 309, 'dividends_fcfe', 1, 1),
(85, 19, 'dividends_fcfe', 1, 1),
(86, 12, 'dividends_fcfe', 1, 1),
(87, 57, 'dividends_fcfe', 1, 1),
(88, 39, 'dividends_fcfe', 1, 1),
(89, 10, 'dividends_fcfe', 1, 1),
(90, 19, 'dividends_fcfe', 1, 1),
(91, 4, 'dividends_fcfe', 1, 1),
(92, 26, 'dividends_fcfe', 1, 1),
(93, 14, 'dividends_fcfe', 1, 1),
(94, 14, 'dividends_fcfe', 1, 1),
(1, 52, 'growth_eb', 1, 1),
(2, 79, 'growth_eb', 1, 1),
(3, 23, 'growth_eb', 1, 1),
(4, 35, 'growth_eb', 1, 1),
(5, 33, 'growth_eb', 1, 1),
(6, 35, 'growth_eb', 1, 1),
(7, 15, 'growth_eb', 1, 1),
(8, 568, 'growth_eb', 1, 1),
(9, 14, 'growth_eb', 1, 1),
(10, 27, 'growth_eb', 1, 1),
(11, 24, 'growth_eb', 1, 1),
(12, 32, 'growth_eb', 1, 1),
(13, 41, 'growth_eb', 1, 1),
(14, 155, 'growth_eb', 1, 1),
(15, 9, 'growth_eb', 1, 1),
(16, 29, 'growth_eb', 1, 1),
(17, 4, 'growth_eb', 1, 1),
(18, 59, 'growth_eb', 1, 1),
(19, 16, 'growth_eb', 1, 1),
(20, 64, 'growth_eb', 1, 1),
(21, 36, 'growth_eb', 1, 1),
(22, 40, 'growth_eb', 1, 1),
(23, 20, 'growth_eb', 1, 1),
(24, 496, 'growth_eb', 1, 1),
(25, 228, 'growth_eb', 1, 1),
(26, 32, 'growth_eb', 1, 1),
(27, 112, 'growth_eb', 1, 1),
(28, 8, 'growth_eb', 1, 1),
(29, 114, 'growth_eb', 1, 1),
(30, 48, 'growth_eb', 1, 1),
(31, 92, 'growth_eb', 1, 1),
(32, 53, 'growth_eb', 1, 1),
(33, 35, 'growth_eb', 1, 1),
(34, 176, 'growth_eb', 1, 1),
(35, 78, 'growth_eb', 1, 1),
(36, 13, 'growth_eb', 1, 1),
(37, 27, 'growth_eb', 1, 1),
(38, 15, 'growth_eb', 1, 1),
(40, 204, 'growth_eb', 1, 1),
(41, 104, 'growth_eb', 1, 1),
(39, 115, 'growth_eb', 1, 1),
(42, 30, 'growth_eb', 1, 1),
(43, 31, 'growth_eb', 1, 1),
(44, 63, 'growth_eb', 1, 1),
(45, 110, 'growth_eb', 1, 1),
(46, 15, 'growth_eb', 1, 1),
(47, 21, 'growth_eb', 1, 1),
(48, 20, 'growth_eb', 1, 1),
(49, 57, 'growth_eb', 1, 1),
(50, 283, 'growth_eb', 1, 1),
(51, 105, 'growth_eb', 1, 1),
(52, 73, 'growth_eb', 1, 1),
(53, 14, 'growth_eb', 1, 1),
(54, 4, 'growth_eb', 1, 1),
(55, 142, 'growth_eb', 1, 1),
(56, 23, 'growth_eb', 1, 1),
(57, 97, 'growth_eb', 1, 1),
(58, 19, 'growth_eb', 1, 1),
(59, 6, 'growth_eb', 1, 1),
(60, 46, 'growth_eb', 1, 1),
(61, 56, 'growth_eb', 1, 1),
(62, 19, 'growth_eb', 1, 1),
(63, 190, 'growth_eb', 1, 1),
(64, 14, 'growth_eb', 1, 1),
(65, 12, 'growth_eb', 1, 1),
(66, 54, 'growth_eb', 1, 1),
(67, 49, 'growth_eb', 1, 1),
(68, 1, 'growth_eb', 1, 1),
(69, 64, 'growth_eb', 1, 1),
(70, 34, 'growth_eb', 1, 1),
(71, 14, 'growth_eb', 1, 1),
(72, 62, 'growth_eb', 1, 1),
(73, 23, 'growth_eb', 1, 1),
(74, 15, 'growth_eb', 1, 1),
(75, 26, 'growth_eb', 1, 1),
(76, 94, 'growth_eb', 1, 1),
(77, 3, 'growth_eb', 1, 1),
(78, 66, 'growth_eb', 1, 1),
(79, 31, 'growth_eb', 1, 1),
(80, 8, 'growth_eb', 1, 1),
(81, 11, 'growth_eb', 1, 1),
(82, 77, 'growth_eb', 1, 1),
(83, 29, 'growth_eb', 1, 1),
(84, 309, 'growth_eb', 1, 1),
(85, 19, 'growth_eb', 1, 1),
(86, 12, 'growth_eb', 1, 1),
(87, 57, 'growth_eb', 1, 1),
(88, 39, 'growth_eb', 1, 1),
(89, 10, 'growth_eb', 1, 1),
(90, 19, 'growth_eb', 1, 1),
(91, 4, 'growth_eb', 1, 1),
(92, 26, 'growth_eb', 1, 1),
(93, 14, 'growth_eb', 1, 1),
(94, 14, 'growth_eb', 1, 1);

-- fact_margins (94 rows)
insert into industry.fact_margins (industry_id, num_firms, gross_margin, net_margin, pretax_operating_margin, pretax_lease_rnd_adj_operating_margin, ebitda_sales, ebitdarnd_sales, rnd_sales, sga_sales, sbc_sales, vintage_id, region_id) values
(1, 52, 0.36242944995377313, -0.0030178781818924268, 0.10065798723499017, 0.1019039142882163, 0.14055245204906705, 0.17122874619789805, 0.030676294148830982, 0.189826722780469, 0.032343994735277944, 1, 1),
(2, 79, 0.17484617635485683, 0.04989121339012427, 0.08654588995592664, 0.08765371591441157, 0.1068539788925033, 0.14703718160393586, 0.040183202711432574, 0.0650377535668431, 0.011476249766617595, 1, 1),
(3, 23, 0.24794774956371204, 0.025083018730598778, 0.05321179963425901, 0.04899064232947189, 0.10266258028530147, 0.10649303652807827, 0.0038304562427768116, 0.03602908466515247, 0.0036329027516084794, 1, 1),
(4, 35, 0.5688336662965753, 0.038475945106670836, 0.09110059660081257, 0.0987364672594272, 0.11474146388695698, 0.11488025019303948, 0.0001387863060824985, 0.47616942646333643, 0.010651497083534285, 1, 1),
(5, 33, 0.1040914638402371, 0.012913827594325342, 0.023182133033712707, 0.025282982120005484, 0.07489374639612317, 0.12792398697504298, 0.053030240578919814, 0.06258473987499873, 0.008421169631119718, 1, 1),
(6, 35, 0.15844150321852046, 0.007202034312769674, 0.056737586636622525, 0.05963900470224144, 0.09035108972189304, 0.13985104430094433, 0.049499954579051264, 0.08307156124477727, 0.006970916153610806, 1, 1),
(7, 15, 1.0, 0.2888846768058161, 0.0, 0.0007750801437471605, 0.0, 0.0, 0.0, 0.5714028146139629, 0.02295035180162027, 1, 1),
(8, 568, 0.9962026031203862, 0.2749474644728205, 4.9066905828215586e-08, -0.0012057021094349254, 0.0, 0.0, 0.0, 0.523692230799014, 0.01599547328353592, 1, 1),
(9, 14, 0.46957791238962454, 0.005600811728555208, 0.22763344185619852, 0.22787292666526612, 0.2952251033944647, 0.2952313793452475, 6.275950782826342e-06, 0.2366707015192106, 0.006107229873408964, 1, 1),
(10, 27, 0.5473900935724383, 0.13397826583728403, 0.20525114640955128, 0.20632057123289904, 0.22784289751602432, 0.23270453486135545, 0.004861637345331118, 0.33458859950060926, 0.0048495107100562755, 1, 1),
(11, 24, 0.38134154857540875, 0.020595322975177813, 0.1233389317157333, 0.12350100117883597, 0.1821287934482517, 0.18220159911486236, 7.280566661064366e-05, 0.2134480550890237, 0.009467326860984247, 1, 1),
(12, 32, 0.5327094441534391, 0.14448752194167302, -1.7915896597858007e-05, -0.0010225862520353711, -8.227833390552346e-06, 0.002741469155583834, 0.002749696988974386, 0.2954276758856713, 0.025120246485445162, 1, 1),
(13, 41, 0.309400568585443, 0.07422275694022355, 0.12636826516708588, 0.1284573960907987, 0.17320410164697317, 0.18584320112247033, 0.012639099475497156, 0.16651832142441658, 0.006395409737317035, 1, 1),
(14, 155, 0.33378878082476077, 0.07032930062638384, 0.12272432450303421, 0.12376381090514216, 0.15645965559174238, 0.16828875264362952, 0.011829097051887155, 0.17856981469681096, 0.013896846049338734, 1, 1),
(15, 9, 0.6291334595370633, 0.07083622978758933, 0.18485745815039542, 0.18218073123236797, 0.3236889725407062, 0.32500031762683756, 0.0013113450861313232, 0.2946456282749596, 0.010653657881410844, 1, 1),
(16, 29, 0.09305386409140609, -0.03726120799643747, 0.02673718088170194, 0.0283228487280309, 0.12338324699137568, 0.1333577694446566, 0.009974522453280935, 0.0528773711859329, 0.0038505562724450836, 1, 1),
(17, 4, 0.1531858869639735, -0.05354718409440587, 0.03291326738773162, 0.034353996250800434, 0.09679731804470253, 0.11583382625950145, 0.01903650821479893, 0.10435014853326473, 0.004703252985002482, 1, 1),
(18, 59, 0.3511643603587584, 0.02907920798019631, 0.12171996795178963, 0.12453893761725805, 0.18008981421154488, 0.2062161747368672, 0.0261263605253223, 0.1742885134324314, 0.006775319346386865, 1, 1),
(19, 16, 0.14859952405146995, -0.02125757000356644, -0.040171813141936595, -0.0384447281918953, 0.1304216890103519, 0.13297541818904876, 0.0025537291786968818, 0.07253908772100191, 0.011301609982318113, 1, 1),
(20, 64, 0.24259419692556378, 0.044525069673165746, 0.07409334745931717, 0.07810553077104378, 0.08976204696621921, 0.11501325386883758, 0.02525120690261836, 0.13921230264838153, 0.008631350718226537, 1, 1),
(21, 36, 0.38355293535188456, 0.1777744098144937, 0.22484874696685003, 0.22923659803850288, 0.2532063954429002, 0.3240283059561002, 0.07082191051320001, 0.08707067299087932, 0.024738471283414457, 1, 1),
(22, 40, 0.25522470625621585, 0.1078299971397084, 0.15228587966203128, 0.15219466551373387, 0.1946449499137033, 0.21894301069041963, 0.02429806077671633, 0.07882625784440558, 0.004405511876208885, 1, 1),
(23, 20, 0.2581139870838813, 0.1636643436903824, 0.22729326659659724, 0.2283328306570388, 0.31274565625004214, 0.31930912447140797, 0.006563468221365836, 0.023865367300877235, 0.0010126615722262984, 1, 1),
(24, 496, 0.6078089369998932, -0.04997144060722168, 0.08973321008991049, 0.08953315753907995, 0.15376551585006348, 0.5826397997466455, 0.42887428389658205, 0.30250327200689336, 0.07199244330756105, 1, 1),
(25, 228, 0.7172528887945363, 0.18537124465767768, 0.29539699980816747, 0.2724550874475878, 0.33586471478613505, 0.5452270132006275, 0.20936229841449244, 0.2191255307584927, 0.017051294280942597, 1, 1),
(26, 32, 0.4581720035308451, 0.08793646859020393, 0.1401317701349414, 0.1374219856741285, 0.1656521174388729, 0.2054054844510495, 0.039753367012176605, 0.2725992784907344, 0.02681936075190882, 1, 1),
(27, 112, 0.31821541145450716, 0.009410003865224555, 0.09534667101101517, 0.09950868612345491, 0.12647638947622328, 0.16596432502768751, 0.039487935551464244, 0.184102443892432, 0.013627802589048858, 1, 1),
(28, 8, 0.38772525989249096, -0.09420145713451261, -0.04488621563380616, -0.06264269394121706, -0.026454963808441274, 0.1525349878045893, 0.17898995161303055, 0.2648219627901837, 0.0428729861785345, 1, 1),
(29, 114, 0.2676465535289669, 0.06472711881991938, 0.1042317781378465, 0.10606521971463007, 0.12363308040497747, 0.16588548362236938, 0.04225240321739189, 0.11669606260562927, 0.013809239042116249, 1, 1),
(30, 48, 0.15458861463404058, 0.0594404607933308, 0.0648772140059397, 0.06757015559476075, 0.07957368030825093, 0.07999472141861634, 0.000421041110365401, 0.07806223133706236, 0.005498059241178778, 1, 1),
(31, 92, 0.4139306341798436, 0.04428855045228182, 0.10604785218649977, 0.10600218052846805, 0.17771317763188713, 0.2144859934866006, 0.036772815854713446, 0.21372522302573146, 0.02728126187816379, 1, 1),
(32, 53, 0.3630271552276466, 0.08238089699765011, 0.14608556307315398, 0.14853081408122104, 0.20992305474282424, 0.2141967499812032, 0.004273695238378958, 0.13995510317139134, 0.007103781982761806, 1, 1),
(33, 35, 0.1308535296319069, 0.03908612922158476, 0.054453187039127465, 0.056033712404227685, 0.08042036063925903, 0.09563433303867093, 0.015213972399411909, 0.06089987997028177, 0.0020022450910038474, 1, 1),
(34, 176, 0.6920022453235913, 0.2218853645963704, 0.1848386743924957, 0.18739294401118736, 0.21021001535178777, 0.23283870393982697, 0.022628688588039205, 0.30071668864562884, 0.023687279868748277, 1, 1),
(35, 78, 0.23234311026524826, 0.028162851559577935, 0.10630698109862798, 0.10737650905057096, 0.15253468981379967, 0.1585638771699571, 0.006029187356157445, 0.12124217226463514, 0.0036758837982663983, 1, 1),
(36, 13, 0.15440322091932604, 0.011709648797144959, 0.026134886467402488, 0.02545614814527601, 0.0370917016463097, 0.0370917016463097, 0.0, 0.12396362358422501, 0.0013288429433848576, 1, 1),
(37, 27, 0.30275215008816325, 0.011025376533084075, 0.06585661858487982, 0.06799974419947431, 0.09754555729130779, 0.11653522532402599, 0.018989668032718197, 0.2242828229414732, 0.00608254774508398, 1, 1),
(38, 15, 0.5524044330233069, -0.10826421952871541, 0.19872603268162603, 0.1837973692040017, 0.5845083534942246, 0.5855434674826555, 0.0010351139884309693, 0.05451631423573928, 0.005590081805089591, 1, 1),
(40, 204, 0.5400056268361045, 0.09608358705927718, 0.15338997022486925, 0.15829837169296193, 0.20335048986604062, 0.27532429009250486, 0.0719738002264643, 0.2984234004673922, 0.020656966728201356, 1, 1),
(41, 104, 0.12078370288681889, 0.012531388303935671, 0.029984058788044197, 0.030052870426871388, 0.03865277525408626, 0.03932614326825314, 0.0006733680141668893, 0.08418673020441965, 0.0021654108327221378, 1, 1),
(39, 115, 0.4831831296066928, 0.07451051350115737, 0.1470948558823554, 0.14794312196370288, 0.2049516450940989, 0.27389966698242724, 0.06894802188832837, 0.24522671643193691, 0.024129402535447004, 1, 1),
(42, 30, 0.22695547015362474, 0.0947013341324965, 0.1257495272304001, 0.12633855565477978, 0.14143498213141, 0.14143498213141, 0.0, 0.09887197785147037, 0.0033379522396770936, 1, 1),
(43, 31, 0.39097132542842145, 0.0629514925775366, 0.13356558024682816, 0.12855319636010312, 0.15804141916584769, 0.15852743217925935, 0.0004860130134116699, 0.04407865712142816, 0.006931661010953327, 1, 1),
(44, 63, 0.608546013031169, 0.10381085334325345, 0.1938799348814458, 0.16594541867983212, 0.24450633871432306, 0.27289478191487926, 0.028388443200556196, 0.28231411247767735, 0.021880079051730558, 1, 1),
(45, 110, 0.5104424162316689, 0.11678213022511653, 0.1862488237477741, 0.18810977498421766, 0.2234450615011359, 0.24335043430243894, 0.019905372801303046, 0.3202789129596996, 0.009158633098065621, 1, 1),
(46, 15, 0.34083660814787026, 0.065253559509469, 0.11886021643397382, 0.12471997049954972, 0.17276703726376905, 0.19354894448942514, 0.020781907225656118, 0.1766597879105038, 0.016233535417366055, 1, 1),
(47, 21, 0.44698482894171127, 0.1236640957470145, 0.21312825642510547, 0.21456995593877076, 0.2356536892258286, 0.23750868233786981, 0.0018549931120412052, 0.0962892767204542, 0.017535146138794568, 1, 1),
(48, 20, 0.299918098085004, 0.07798135819570415, 0.10613219864364459, 0.10647669164266632, 0.11503115671533527, 0.11503115671533527, 0.0, 0.12110047823091866, 0.004800384806365802, 1, 1),
(49, 57, 0.3019009668296721, 0.1113297623048451, 0.1525411457011631, 0.15300583120994887, 0.14733505712045253, 0.14734182424229958, 6.767121847058476e-06, 0.10255263380497436, 0.004144109974874774, 1, 1),
(50, 283, 0.6976811012634717, 0.1836200178650786, 0.255024819913312, 0.252572918757687, 0.1165017063434102, 0.12115800961421676, 0.004656303270806553, 0.27812568230187873, 0.050826832134246616, 1, 1),
(51, 105, 0.3747334978112993, 0.10578747395309744, 0.1586495069517875, 0.16121052370028846, 0.19621634609402608, 0.21654581128951364, 0.020329465195487523, 0.19649988186136824, 0.00918079061930805, 1, 1),
(52, 73, 0.34684444191447505, 0.10516719648470058, 0.23854271917353254, 0.23750131147273207, 0.293645538061676, 0.29543880154117996, 0.0017932634795040003, 0.03853922042675269, 0.005109580290073977, 1, 1),
(53, 14, 0.4143040339690257, 0.04375087418121427, 0.10728305214757801, 0.10798292718748384, 0.14330388232158972, 0.1644603191663219, 0.02115643684473217, 0.2840104710346036, 0.009772425784775478, 1, 1),
(54, 4, 0.36082032574482736, 0.08297022462442774, 0.1124866389469229, 0.11577412006146154, 0.21671420442138956, 0.21918753353529724, 0.0024733291139076956, 0.08583227247817794, 0.003074126596427811, 1, 1),
(55, 142, 0.5719373902376752, 0.14630440788275073, 0.2541582987981389, 0.25749648519335816, 0.43207700406540256, 0.4342714150711966, 0.0021944110057939992, 0.05181943579304781, 0.009026244778523894, 1, 1),
(56, 23, 0.4336771494044107, 0.13350862150393097, 0.2577810990734486, 0.2605468280876443, 0.32743461269567453, 0.327492910636177, 5.82979405024871e-05, 0.0687821805288822, 0.0077715689704352725, 1, 1),
(57, 97, 0.11090749715345535, 0.023377489888452334, 0.046496062786623764, 0.04815454958406099, 0.07756713853626425, 0.08074303309529918, 0.003175894559034927, 0.02838621900004282, 0.003306428204469351, 1, 1),
(58, 19, 0.2427013145310331, 0.04476116596313847, 0.09575576545544758, 0.09767327418705181, 0.14355372821998977, 0.1477373239082129, 0.004183595688223153, 0.10721631154673127, 0.004544768123341553, 1, 1),
(59, 6, 0.17136604280745724, 0.03443484893889449, 0.06344838859073201, 0.0662949768891948, 0.14650248363164156, 0.1485910952497707, 0.0020886116181291488, 0.08345365552437772, 0.006792528218959144, 1, 1),
(60, 46, 0.43573987286398663, 0.12726847234883484, 0.2146995662202426, 0.21366595999098478, 0.3533252879118818, 0.3544915681128032, 0.0011662802009213998, 0.023107900930169005, 0.0042989292145670065, 1, 1),
(61, 56, 0.5501927270278953, 0.2858521770271587, 0.403887750601932, 0.40350161244366967, 0.34620463032278054, 0.3509135171625846, 0.004708886839804084, 0.048667557132772585, 0.006247233356873178, 1, 1),
(62, 19, 0.5044217538151532, 0.0818733439701034, 0.09982688889791565, 0.09923296854618283, 0.13178635141695227, 0.14687424461064025, 0.01508789319368799, 0.3395119327379672, 0.010242954860096062, 1, 1),
(63, 190, 0.5807517280308917, 0.13233445003447902, 0.246434046710382, 0.22209772455024684, 0.43793552387209317, 0.4380398710454695, 0.00010434717337628785, 0.10135861725684268, 0.017229561696379857, 1, 1),
(64, 14, 0.3527040825948847, 0.07010407882293668, 0.21526561249700268, 0.21191936700617578, 0.24945778247175757, 0.24945778247175757, 0.0, 0.09002238920576246, 0.008702153512896023, 1, 1),
(65, 12, 0.5123064384678077, 0.23765281173594135, 0.21451711491442543, 0.22087621024942458, 0.2718928280358599, 0.2718928280358599, 0.0, 0.32317644661776695, 0.021595354523227386, 1, 1),
(66, 54, 0.3221457377169444, 0.011919902517228938, 0.028508268242877017, 0.028482756293223808, 0.03961527410474971, 0.05392272980555317, 0.01430745570080346, 0.26315102883830693, 0.017009431597963205, 1, 1),
(67, 49, 0.3979335735859791, -0.04719687128002479, 0.0969331006904999, 0.08062096745970526, 0.16636049855141793, 0.19486035088482193, 0.02849985233340399, 0.2382728625033746, 0.01672792565575746, 1, 1),
(68, 1, 0.1321287661406026, 0.038871951219512195, 0.07213952654232425, 0.0723402809220799, 0.05963055954088953, 0.05963055954088953, 0.0, 0.002690100430416069, 0.0023314203730272595, 1, 1),
(69, 64, 0.32240631996229013, 0.09368441736682119, 0.15787862734302993, 0.13883834911386736, 0.19465690901816668, 0.20204531581030072, 0.007388406792134073, 0.1080866317469829, 0.013676613904942153, 1, 1),
(70, 34, 0.21955952275570798, 0.03362763979070542, 0.06243926058642881, 0.0583825886047186, 0.07236517188956365, 0.07242710620655156, 6.193431698790319e-05, 0.1498534390297117, 0.002621848369863566, 1, 1),
(71, 14, 0.34218908231578365, 0.07844282005575029, 0.11938529703816875, 0.11809039346442812, 0.14214432444110717, 0.14355708282810653, 0.0014127583869993855, 0.2046356772337944, 0.004641117145292083, 1, 1),
(72, 62, 0.3057209450648468, 0.06054534730806162, 0.10097162945597332, 0.10321020613816267, 0.11373965239257706, 0.1139825809878757, 0.0002429285952986248, 0.18725795568856737, 0.004622556223681145, 1, 1),
(73, 23, 0.3317644379197894, 0.05611346589050097, 0.06802333445025074, 0.0711643313205802, 0.10105733105173904, 0.15335249007738702, 0.052295159025648, 0.20879360221344934, 0.01344089266508045, 1, 1),
(74, 15, 0.2631486438157367, 0.013206284642467744, 0.022919042843655636, 0.01727112934058555, 0.05403881160933243, 0.056373410190710134, 0.002334598581377701, 0.21689512903978359, 0.002588453631583269, 1, 1),
(75, 26, 0.7861067828888438, 0.2299755737717258, 0.4024828941128652, 0.3864440865122347, 0.6717024591829821, 0.6718718244021407, 0.00016936521915859363, 0.0650874300898012, 0.013816588758665857, 1, 1),
(76, 94, 0.3530392212317443, 0.05189818584789381, 0.07727354450343683, 0.08075162903461014, 0.09853245477448722, 0.09937144968038718, 0.0008389949058999544, 0.2687596399248138, 0.006874919905528329, 1, 1),
(77, 3, 0.1799006218098056, -0.0949066630122806, 0.02242369876648091, 0.024946978567715397, 0.08726029693342775, 0.11051878996871023, 0.02325849303528248, 0.15739011317495355, 0.0013649350372818357, 1, 1),
(78, 66, 0.5897212668627952, 0.30446007427165983, 0.35327791914252643, 0.3646671843853678, 0.3677016381020859, 0.5213029591350107, 0.15360132103292468, 0.061742289264692315, 0.05041882720323292, 1, 1),
(79, 31, 0.4632141955411235, 0.21315535906370506, 0.2617117457785153, 0.268634995359437, 0.29056303254659493, 0.3977670862583977, 0.10720405371180282, 0.08902510083014537, 0.021732875710501438, 1, 1),
(80, 8, 0.2707750428480844, 0.0948059646207709, 0.12602123883804783, 0.13517329302988534, 0.20408008981879286, 0.20408008981879286, 0.0, 0.0915308851503921, 0.00689663200453698, 1, 1),
(81, 11, 0.43882972598638637, 0.06271289597747094, 0.09034931883156833, 0.09149196348386501, 0.11874274171527453, 0.12009652490599183, 0.0013537831907172912, 0.3457871517257034, 0.013682092886305241, 1, 1),
(82, 77, 0.664453967782347, 0.29930348659906064, 0.3384971230031091, 0.3600053019156746, 0.3489515462716775, 0.5350201665203558, 0.18606862024867823, 0.14147317915266813, 0.0749790833032698, 1, 1),
(83, 29, 0.6257871205088534, -0.009326071858346227, 0.03686141997593261, 0.04704900770571774, 0.09518583462265771, 0.2927400378201822, 0.1975542031975245, 0.3334827986934846, 0.14866139934674233, 1, 1),
(84, 309, 0.7172070917475231, 0.25492956311411463, 0.32982513736047653, 0.34449305784609674, 0.35930450706077793, 0.5190888475831121, 0.15978434052233426, 0.2438473451620328, 0.07830271156335021, 1, 1),
(85, 19, 0.12246016083492245, 0.01925417054710482, 0.04095917963841709, 0.04106902683477847, 0.10581335831596377, 0.10581743277602852, 4.074460064747882e-06, 0.07190904622525758, 0.004014479577808329, 1, 1),
(86, 12, 0.6298181572986233, 0.12238502087265377, 0.20980028345141027, 0.19749991338421513, 0.3457016445317238, 0.34642499048586095, 0.0007233459541371528, 0.2664702116115709, 0.010006943286128313, 1, 1),
(87, 57, 0.5813559785328936, 0.16089921740363985, 0.20696764502165169, 0.220114777801369, 0.23952770874311258, 0.38310310652127555, 0.14357539777816294, 0.21585408356715008, 0.05204116388905578, 1, 1),
(88, 39, 0.5881624848695685, 0.14196223860576973, 0.2047121991102734, 0.20836369863901955, 0.3469946062412255, 0.3515619383950476, 0.004567332153822104, 0.22421734171952937, 0.0058273119629706, 1, 1),
(89, 10, 0.643108759528298, 0.2665422452740549, 0.43538235748026255, 0.4378658265277791, 0.42220082127197295, 0.4369735341021536, 0.014772712830180685, 0.20738808883294044, 0.004995763519667859, 1, 1),
(90, 19, 0.24103225169340398, 0.08233235401615857, 0.07567222148665109, 0.07705762663370866, 0.09827119969732138, 0.11072785022396334, 0.012456650526641945, 0.050324426389827454, 0.008844387031700141, 1, 1),
(91, 4, 0.5095794993260457, 0.24725938276703, 0.3741088611342688, 0.37433505844987286, 0.49190475819458185, 0.49190475819458185, 0.0, 7.538158274053931e-05, 0.004860845987829867, 1, 1),
(92, 26, 0.21191410906375685, 0.03791195275856305, 0.06891848716024367, 0.07304748295281488, 0.15578441491850015, 0.15718149918109134, 0.00139708426259121, 0.06221610301161631, 0.004216120175455265, 1, 1),
(93, 14, 0.4417522110277152, 0.1417862109301, 0.2349211260172051, 0.23205483866166682, 0.3491971969520865, 0.3491971969520865, 0.0, -0.00934757413591854, 0.003486685853310689, 1, 1),
(94, 14, 0.5897359851495838, 0.21162207154416784, 0.3371569629910201, 0.33631527867304256, 0.4572626164451616, 0.45745995271209977, 0.00019733626693810944, 0.0386745555192176, 0.0074158202760906825, 1, 1);

-- fact_multiples_pe (94 rows)
insert into industry.fact_multiples_pe (industry_id, num_firms, current_pe, trailing_pe, forward_pe, expected_growth, peg, vintage_id, region_id) values
(1, 52, 132.23565672096518, 44.43335288410666, 52.872057534771876, 0.02284999999999998, 11.16463166097437, 1, 1),
(2, 79, 118.0028565446853, 92.80031534792768, 45.86731049038893, 0.2503533333333333, 1.408766335811037, 1, 1),
(3, 23, 15.54585757695582, 18.32154666661634, 11.366097572177852, 0.30210000000000004, 0.42605137718074926, 1, 1),
(4, 35, 82.09938112593495, 37.82798638911136, 24.887238524765294, 0.13625555555555555, 1.9880979406546182, 1, 1),
(5, 33, 44.591219685175005, 64.32031076304214, 49.0404143673793, 0.10216, 11.708656275174, 1, 1),
(6, 35, 27.84544109284672, 28.07297694836023, 15.125009349940365, 0.15974545454545455, 1.2666254509405188, 1, 1),
(7, 15, 17.576227789545758, 14.951036175287276, 13.043519160123855, 0.13737777777777777, 1.0314602501320034, 1, 1),
(8, 568, 34.73920232976162, 33.601517651478595, 11.00251498249285, 0.13958064516129032, 0.9023849868380412, 1, 1),
(9, 14, 34.9699254390457, 28.29629932115329, 12.840436647836379, 0.038939999999999995, 4.255287292963528, 1, 1),
(10, 27, 37.11336064418903, 47.76375952172016, 23.6967654296752, 0.15435714285714286, 1.7008442314530723, 1, 1),
(11, 24, 6.384073722976092, 44.7592195956879, 17.496380154411955, 0.008677499999999998, 15.522653845817942, 1, 1),
(12, 32, 26.813851873523223, 86.54190898171709, 19.857668423089113, 0.203, 0.975389824567232, 1, 1),
(13, 41, 21.062070527321996, 32.79846401044874, 18.39166264070026, 0.10185200000000001, 1.680595043318975, 1, 1),
(14, 155, 35.426759999177385, 36.396625335868265, 18.70395670353672, 0.12799736842105264, 1.8865775607366422, 1, 1),
(15, 9, 13.74524438443317, 6.104795236951989, 9.214665345179071, 0.05433333333333334, 0.9311320282281719, 1, 1),
(16, 29, 14.067208664872163, 24.4205095931578, 22.817367004537495, 0.19808571428571428, 0.9291000093375502, 1, 1),
(17, 4, 20.548837209302327, NULL, 14.169658946254692, NULL, NULL, 1, 1),
(18, 59, 161.69765172473993, 196.77408940834607, 19.324818290870468, 0.08457499999999997, 2.740712253926142, 1, 1),
(19, 16, 23.846825840216106, 17.007588937030416, 34.39176487705514, 0.2254, 0.8760392908776004, 1, 1),
(20, 64, 26.45169467169889, 51.59929505052196, 56.539525578258136, 0.12333157894736846, 2.1126710535960367, 1, 1),
(21, 36, 80.9453264906077, 81.1319884247503, 36.14608213527912, 0.2541909090909091, 1.3504826567838284, 1, 1),
(22, 40, 26.956947249635597, 42.74757028738539, 17.68665124484794, 0.0760835, 3.3909464412277033, 1, 1),
(23, 20, 14.134823967273883, 15.731003776902918, 14.880623073280356, 0.07565, 2.2211658469898983, 1, 1),
(24, 496, 109.26514533695799, 64.27555677843166, 63.7588621440246, 0.3808000000000001, 0.8417239925560009, 1, 1),
(25, 228, 335.26628013634786, 55.667674074614986, 24.1877513935209, 0.17805, 1.4011337458240092, 1, 1),
(26, 32, 27.595987920694494, 26.965784711966094, 18.114673151582316, 0.1903076923076923, 0.7902513189084922, 1, 1),
(27, 112, 76.4432507797953, 80.03961165936393, 29.60903066537796, 0.18862, 2.5047908808654293, 1, 1),
(28, 8, NULL, NULL, 19.51111111111111, -0.568, NULL, 1, 1),
(29, 114, 51.99701559113418, 48.44335194607289, 29.607379325548138, 0.17691562500000002, 2.2721128296707453, 1, 1),
(30, 48, 90.21617765385824, 63.33204875099555, 28.11354756028617, 0.21035041666666668, 1.1805442696402018, 1, 1),
(31, 92, 171.98742893379787, 108.63059346458422, 42.73078032449192, 0.05751666666666666, 5.643034807202191, 1, 1),
(32, 53, 66.20052214647228, 66.54956588056456, 61.06875704872894, 0.12201111111111113, 2.810428446325201, 1, 1),
(33, 35, 16.78980615954148, 19.115989413055647, 19.314358770905702, 0.11985714285714287, 1.8340655917112954, 1, 1),
(34, 176, 65.5923245918811, 26.138389654542657, 16.37554965999033, 0.22023033898305083, 1.0025962024935515, 1, 1),
(35, 78, 30.9714560410875, 47.968126344132195, 17.23453404458622, 0.02657588235294118, 6.209667404210943, 1, 1),
(36, 13, 24.896405868612852, 26.802893083591172, 16.64174749118652, 0.3693000000000001, 0.6676697328920748, 1, 1),
(37, 27, 15.927019341808553, 17.38352468395062, 20.3438444393584, 0.12281, 2.0500746044100753, 1, 1),
(38, 15, 44.56400528136949, 32.24959395302349, 42.71208911078014, 0.0777, 3.3398217814436673, 1, 1),
(40, 204, 55.8656300053193, 43.06516270029824, 42.334138463548705, 0.11065025000000002, 2.742588047500532, 1, 1),
(41, 104, 94.4285625410397, 83.7666088261665, 55.2883534141048, 0.12567484848484847, 1.676480166703793, 1, 1),
(39, 115, 219.6355063143869, 506.5468687021162, 37.38008400739415, 0.1116936, 3.3372116265190117, 1, 1),
(42, 30, 10.203122017087033, 11.453496315687763, 14.347905676674683, 0.019666666666666662, 5.721565699323108, 1, 1),
(43, 31, 24.35347011244786, 18.804233489397635, 15.651865383846461, 0.14980000000000002, 1.042283538920814, 1, 1),
(44, 63, 83.15587326890063, 46.60333945899176, 29.067223680852234, 0.1357335, 1.820815661707947, 1, 1),
(45, 110, 65.89429667093331, 33.071795886517144, 16.850918279056067, 0.08024823529411765, 2.4493089179371963, 1, 1),
(46, 15, 29.345640817158632, 24.917027503636273, 13.216406137942396, 0.1011625, 2.329023086555578, 1, 1),
(47, 21, 55.14502839665845, 33.96447508386147, 21.507733994086156, 0.24578571428571427, 1.112302662797283, 1, 1),
(48, 20, 19.861566319859225, 12.557446866578934, 9.29918190529985, -0.3044571428571428, NULL, 1, 1),
(49, 57, 18.053526549943136, 18.334441657372928, 16.357471629790005, 0.15332857142857143, 0.7681827655726569, 1, 1),
(50, 283, 378.6390945125777, 75.30490832859047, 18.770767258468542, 0.14998095238095238, 1.5326995496766513, 1, 1),
(51, 105, 42.601439625067684, 35.761035877267844, 24.06151389061749, 0.13545999999999997, 1.9668080651555742, 1, 1),
(52, 73, 92.86958277367567, 54.117601415189604, 29.816398023177317, 0.3441666666666667, 0.855616892040423, 1, 1),
(53, 14, 13.415422886000973, 18.55152694828409, 10.311300073982958, 0.144, 1.2626290132063052, 1, 1),
(54, 4, 13.011635172345706, 16.24390548286594, 21.896552012711908, 0.041400000000000006, 4.595360171173692, 1, 1),
(55, 142, 21.364298430577573, 30.983413096602018, 16.144658214240128, 0.04896206896551724, 2.590541757883193, 1, 1),
(56, 23, 20.20427877988029, 23.71726394001627, 42.52455384030175, 0.12685, 1.462245465716887, 1, 1),
(57, 97, 37.98120979276756, 33.30034533821973, 21.21722527083615, 0.034652380952380955, 5.600757606108509, 1, 1),
(58, 19, 60.509104484374994, 16.42821628874671, 15.27783507913951, 0.18955454545454548, 0.7352943060813758, 1, 1),
(59, 6, 7.033770467942652, 12.85053914674168, 16.64287528075918, -0.09295, NULL, 1, 1),
(60, 46, 20.746473679298834, 24.741171913768934, 17.593770652741394, 0.09595945945945945, 2.186098414018924, 1, 1),
(61, 56, 119.65824929132441, 26.798624420328615, 16.451797046608633, 0.7176666666666667, 0.2584914092880965, 1, 1),
(62, 19, 18.569596487403995, 15.180436765971056, 13.50887930681605, 0.09391666666666666, 1.78081071278729, 1, 1),
(63, 190, 62.98346135092622, 36.95445006717891, 45.11272906105418, 0.042935463917525785, 6.54506970078521, 1, 1),
(64, 14, 29.445869518384352, 11.353163449905935, 12.34121907088668, -0.028999999999999998, NULL, 1, 1),
(65, 12, 46.163275993094295, 40.24898788383488, 14.326923076923077, NULL, NULL, 1, 1),
(66, 54, 61.2898263129853, 107.33525597759802, 93.58544014223776, 0.33, 1.328434882954209, 1, 1),
(67, 49, 24.849375446947782, 119.01498691997652, 38.01528526208744, 0.09946, 1.8278747282016843, 1, 1),
(68, 1, 18.647280334728034, 15.421107266435987, 8.1384, NULL, NULL, 1, 1),
(69, 64, 67.66870854624452, 48.32886275673705, 31.89787096408461, 0.03530120000000002, 9.288751615033444, 1, 1),
(70, 34, 34.261318688277555, 54.82641508404895, 21.881623571266463, 0.17819999999999997, 1.34766279098958, 1, 1),
(71, 14, 31.216999379974858, 23.465276718235696, 23.139041642225948, 0.1698, 1.313648804407246, 1, 1),
(72, 62, 103.56277463387258, 28.796599056717547, 43.84333584228416, 0.0946842105263158, 2.3691119834346943, 1, 1),
(73, 23, 46.67618953270832, 51.004021101765886, 23.969941526698733, 0.11707692307692306, 2.860445464769471, 1, 1),
(74, 15, 17.456861081938314, 20.541451245026416, 14.338597015683874, 0.11134999999999999, 2.266005120161119, 1, 1),
(75, 26, 109.92587935471316, 368.68693061769045, 44.38685147282873, 0.03993333333333333, 7.78734515030187, 1, 1),
(76, 94, 26.042709177832805, 314.0097616349124, 21.520800324058715, 0.08080047619047617, 3.0833930074317233, 1, 1),
(77, 3, 35.81142857142857, NULL, 7.3, 0.0907, NULL, 1, 1),
(78, 66, 70.1348218633825, 100.18440334282509, 37.29265731599145, 0.22876400000000005, 2.1336427828448143, 1, 1),
(79, 31, 47.582441700903885, 46.82523406292883, 41.58371842712142, 0.18741428571428573, 1.8235443155688114, 1, 1),
(80, 8, 13.703693919537448, 18.873176612753507, 11.564871509098312, 0.16399999999999998, 0.8337148367490067, 1, 1),
(81, 11, 18.696582592341883, 24.474827662843577, 17.104491249794627, 0.07303, 4.171865604728182, 1, 1),
(82, 77, 70.74362729021486, 39.340287731341554, 18.52404911072549, 0.20546, 1.4417045920871183, 1, 1),
(83, 29, 162.98078842198134, 67.21143650446582, 64.81226092980671, 0.20899, 1.6663034235228575, 1, 1),
(84, 309, 122.49180947058528, 79.1742086869903, 34.133892735516035, 0.2276456962025316, 1.648071184235083, 1, 1),
(85, 19, 77.36524273618251, 47.575359734833086, 16.853381956237047, 0.16040000000000001, 1.5003226325903656, 1, 1),
(86, 12, 21.64246631949292, 107.13575943262582, 35.626845444954895, 0.151, 1.2908365709264915, 1, 1),
(87, 57, 125.46136748185307, 84.71608418708595, 39.473957570050814, 0.4027111111111111, 0.8710202863717926, 1, 1),
(88, 39, 26.523757600767315, 16.78771582738809, 26.498753596415686, 0.5942399999999999, 0.13498434637043566, 1, 1),
(89, 10, 22.981797161742676, 23.208493270755834, 17.640465594812504, 0.06113333333333334, 3.240374724058514, 1, 1),
(90, 19, 60.0299775093641, 28.86782830570481, 19.762586774599423, 0.15796249999999998, 0.8448631725801385, 1, 1),
(91, 4, 21.49885883698496, 21.52936812241127, 20.47395891194937, 0.07663333333333334, 2.7227132024897784, 1, 1),
(92, 26, 33.86816009977206, 37.42267866557278, 46.16900984809447, 0.20119166666666666, 1.6235894576096201, 1, 1),
(93, 14, 21.026211216002473, 19.920098071696465, 18.129464149422144, 0.0691, 2.963418975868785, 1, 1),
(94, 14, 21.9870327737433, 23.065743309076115, 21.299658594290136, 0.07647142857142857, 2.644129698347234, 1, 1);

-- fact_multiples_ps (94 rows)
insert into industry.fact_multiples_ps (industry_id, num_firms, price_sales, ev_sales, net_margin, pretax_operating_margin, vintage_id, region_id) values
(1, 52, 1.642596858745483, 2.1248944823347125, -0.0030178781818924268, 0.10045806228743916, 1, 1),
(2, 79, 3.1727191450990215, 3.570706581908985, 0.04989121339012427, 0.08696762529366643, 1, 1),
(3, 23, 0.5777204310691183, 1.0259549224502678, 0.025083018730598778, 0.04880951633944019, 1, 1),
(4, 35, 1.2728463334769382, 1.594209821413011, 0.038475945106670836, 0.09886973058225224, 1, 1),
(5, 33, 3.344107144590721, 3.883020426885024, 0.012913827594325342, 0.023827109914991852, 1, 1),
(6, 35, 0.6423394983412541, 0.822835978588616, 0.007202034312769674, 0.05804588112690446, 1, 1),
(7, 15, 4.0936392297248, 8.30955725045144, 0.2888846768058161, 0.0007750801437471605, 1, 1),
(8, 568, 3.674198460336103, 4.276272252419073, 0.2749474644728205, -0.0012057021094349254, 1, 1),
(9, 14, 1.7535078368746115, 2.4539198950027634, 0.005600811728555208, 0.2278728099033911, 1, 1),
(10, 27, 3.569335598364522, 4.156113450493375, 0.13397826583728403, 0.20629192027049995, 1, 1),
(11, 24, 0.8265024443382478, 1.395140428325257, 0.020595322975177813, 0.12348868021987111, 1, 1),
(12, 32, 2.8710147299025977, 5.782260395845316, 0.14448752194167302, -0.0011834423605146533, 1, 1),
(13, 41, 1.6768916491430081, 2.0460612293412557, 0.07422275694022355, 0.12797404500170892, 1, 1),
(14, 155, 2.201714861062905, 2.5297327118936694, 0.07032930062638384, 0.12320450198119302, 1, 1),
(15, 9, 0.8571505061156779, 2.055485525649577, 0.07083622978758933, 0.1824212201235962, 1, 1),
(16, 29, 0.46546096376308627, 0.8452190200844562, -0.03726120799643747, 0.02857882521775042, 1, 1),
(17, 4, 0.3377644801499588, 0.8416904259876704, -0.05354718409440587, 0.034066924789341244, 1, 1),
(18, 59, 2.1214267689752835, 2.6476145494545156, 0.02907920798019631, 0.12407507162657973, 1, 1),
(19, 16, 2.754218653089938, 2.5369156934745063, -0.02125757000356644, -0.03815594523633239, 1, 1),
(20, 64, 1.2403016604204078, 1.477094248399097, 0.044525069673165746, 0.07627844466661073, 1, 1),
(21, 36, 6.431547327339804, 6.629803188728592, 0.1777744098144937, 0.22489034296518012, 1, 1),
(22, 40, 2.8307820751783144, 3.231777696009379, 0.1078299971397084, 0.1527303082978725, 1, 1),
(23, 20, 2.8485879588416343, 3.0801449685443743, 0.1636643436903824, 0.228234420750008, 1, 1),
(24, 496, 7.311661204603818, 7.918045526205239, -0.04997144060722168, 0.08760628593948759, 1, 1),
(25, 228, 5.625235313421631, 6.239336284469536, 0.18537124465767768, 0.295443503779666, 1, 1),
(26, 32, 1.7441040280276947, 1.9902138121744768, 0.08793646859020393, 0.13541694660731066, 1, 1),
(27, 112, 4.091459585374556, 4.420754883373023, 0.009410003865224555, 0.09751247065761166, 1, 1),
(28, 8, 0.9609786323774342, 0.9098334859666329, -0.09420145713451261, -0.04251466186215604, 1, 1),
(29, 114, 3.0171542035153585, 3.206162776853793, 0.06472711881991938, 0.10518041665675845, 1, 1),
(30, 48, 1.580919191660943, 1.7350431497835168, 0.0594404607933308, 0.06754108028713939, 1, 1),
(31, 92, 3.868989130650021, 4.333824657929714, 0.04428855045228182, 0.1037808986261652, 1, 1),
(32, 53, 3.085675657448278, 3.7006750073018577, 0.08238089699765011, 0.14851622866272587, 1, 1),
(33, 35, 0.9181237728548928, 1.3401504823361046, 0.03908612922158476, 0.05606764179932007, 1, 1),
(34, 176, 5.221074316001077, 18.9059051763244, 0.2218853645963704, 0.18536600836987463, 1, 1),
(35, 78, 1.0483640122347244, 1.4683157254855188, 0.028162851559577935, 0.10765508966559474, 1, 1),
(36, 13, 0.3141862273451012, 0.45685204851364397, 0.011709648797144959, 0.02545614814527601, 1, 1),
(37, 27, 0.9773713717553166, 1.3327990096564892, 0.011025376533084075, 0.06875747269347231, 1, 1),
(38, 15, 3.762478951905123, 7.865692969599145, -0.10826421952871541, 0.1838772563796854, 1, 1),
(40, 204, 4.364745018197906, 4.762600760397512, 0.09608358705927718, 0.15469745078594013, 1, 1),
(41, 104, 0.3654915300009084, 0.45778331362617514, 0.012531388303935671, 0.029903753130709358, 1, 1),
(39, 115, 4.702911055510365, 5.3091884213580105, 0.07451051350115737, 0.1475254629887839, 1, 1),
(42, 30, 1.0674223258119053, 1.1916269386724603, 0.0947013341324965, 0.12633855565477978, 1, 1),
(43, 31, 1.0811202513149862, 1.6887450167827869, 0.0629514925775366, 0.12855081802384957, 1, 1),
(44, 63, 3.2578958226303185, 4.327076142389566, 0.10381085334325345, 0.16441242100933073, 1, 1),
(45, 110, 2.6734443296061743, 3.059468148726035, 0.11678213022511653, 0.1879000635250528, 1, 1),
(46, 15, 1.7046649321669063, 2.2125353891144477, 0.065253559509469, 0.12451459519593001, 1, 1),
(47, 21, 3.530093202418245, 4.324047602881805, 0.1236640957470145, 0.21460520473886202, 1, 1),
(48, 20, 0.9522032568445712, 1.2838249224747278, 0.07798135819570415, 0.10647669164266632, 1, 1),
(49, 57, 1.3601061020692313, 1.4887819132240936, 0.1113297623048451, 0.15300408913331123, 1, 1),
(50, 283, 4.589958862501353, 5.486045625728951, 0.1836200178650786, 0.25184466715220466, 1, 1),
(51, 105, 3.076904107731613, 3.426131130289686, 0.10578747395309744, 0.16059785335376017, 1, 1),
(52, 73, 3.811745240474737, 4.0344825480569595, 0.10516719648470058, 0.23757192582315506, 1, 1),
(53, 14, 1.0248687807987844, 1.433663742966214, 0.04375087418121427, 0.10879197361957307, 1, 1),
(54, 4, 1.5784911917182605, 1.7531762327331943, 0.08297022462442774, 0.11567001874651796, 1, 1),
(55, 142, 2.00440454161324, 2.6825885994843817, 0.14630440788275073, 0.2582417593468005, 1, 1),
(56, 23, 2.782540109527642, 4.371783781882893, 0.13350862150393097, 0.2605682356096842, 1, 1),
(57, 97, 0.571685348386922, 0.7413518369384341, 0.023377489888452334, 0.04846054806334578, 1, 1),
(58, 19, 1.0339324738783697, 1.5482237405985284, 0.04476116596313847, 0.09793193765128692, 1, 1),
(59, 6, 0.757509103622379, 1.0203986001754877, 0.03443484893889449, 0.06578644536478075, 1, 1),
(60, 46, 2.736049369214486, 4.695806461850637, 0.12726847234883484, 0.21356031922262156, 1, 1),
(61, 56, 5.840427032700466, 5.981737028870388, 0.2858521770271587, 0.40431075341190764, 1, 1),
(62, 19, 1.4704831295543945, 1.6994070024135182, 0.0818733439701034, 0.09837572856160526, 1, 1),
(63, 190, 5.886059843151316, 10.650570831822968, 0.13233445003447902, 0.2220948339155621, 1, 1),
(64, 14, 1.7726819358714954, 3.033511815931911, 0.07010407882293668, 0.21191936700617578, 1, 1),
(65, 12, 4.8229288916055415, 6.826157864808295, 0.23765281173594135, 0.22087621024942458, 1, 1),
(66, 54, 1.2360415857459834, 1.463930180972637, 0.011919902517228938, 0.027622698469351146, 1, 1),
(67, 49, 1.2614359353455853, 1.94042778252431, -0.04719687128002479, 0.08056922435972133, 1, 1),
(68, 1, 0.5994485294117647, 0.6526502811858702, 0.038871951219512195, 0.0723402809220799, 1, 1),
(69, 64, 3.340771846882716, 4.165514392232257, 0.09368441736682119, 0.137921604848594, 1, 1),
(70, 34, 0.892653702855193, 1.2705674096880286, 0.03362763979070542, 0.058385963240031064, 1, 1),
(71, 14, 1.8471908099978955, 2.2589926761243846, 0.07844282005575029, 0.11819306915492038, 1, 1),
(72, 62, 1.5133587330515794, 1.894802191775475, 0.06054534730806162, 0.1031823472685938, 1, 1),
(73, 23, 2.007898223342434, 2.109214581658399, 0.05611346589050097, 0.06501798019766843, 1, 1),
(74, 15, 0.34001497665240493, 0.49009499125669137, 0.013206284642467744, 0.018461572111635023, 1, 1),
(75, 26, 7.815058073451817, 12.043634861795587, 0.2299755737717258, 0.3864440865122347, 1, 1),
(76, 94, 1.4337562975354283, 1.6260838705735732, 0.05189818584789381, 0.0807616775541373, 1, 1),
(77, 3, 0.1380287826581182, 0.5884475951540894, -0.0949066630122806, 0.025711342188593223, 1, 1),
(78, 66, 15.46226750574735, 15.70064938278062, 0.30446007427165983, 0.3531021030174133, 1, 1),
(79, 31, 7.489075007700587, 7.607009043397782, 0.21315535906370506, 0.26287667669074866, 1, 1),
(80, 8, 1.4536264965439019, 1.7362537616576743, 0.0948059646207709, 0.13517329302988534, 1, 1),
(81, 11, 1.9530795030974162, 2.0409765218719707, 0.06271289597747094, 0.0913903063742826, 1, 1),
(82, 77, 9.014628755312186, 9.12764468187753, 0.29930348659906064, 0.3366881234390564, 1, 1),
(83, 29, 8.758755537218498, 9.561036618683037, -0.009326071858346227, 0.03738840189516249, 1, 1),
(84, 309, 11.007221329135833, 11.408763673096576, 0.25492956311411463, 0.3320749595853169, 1, 1),
(85, 19, 0.9900586315727231, 1.1692375062240556, 0.01925417054710482, 0.04106984357461912, 1, 1),
(86, 12, 2.4788850514556793, 3.717039475911651, 0.12238502087265377, 0.19736568208594377, 1, 1),
(87, 57, 6.130033623140206, 6.5160940958665385, 0.16089921740363985, 0.2091953506741483, 1, 1),
(88, 39, 1.392285064367891, 2.614800563000675, 0.14196223860576973, 0.20823790500775086, 1, 1),
(89, 10, 5.298208543770406, 6.395192946988778, 0.2665422452740549, 0.43683887646075187, 1, 1),
(90, 19, 1.266130090888278, 1.6396952282383208, 0.08233235401615857, 0.0764242458721698, 1, 1),
(91, 4, 5.2597489617988735, 6.665559703504334, 0.24725938276703, 0.37433505844987286, 1, 1),
(92, 26, 1.4219159219497337, 1.7429114121474771, 0.03791195275856305, 0.07313959318117265, 1, 1),
(93, 14, 2.9033881605887357, 5.251606084018362, 0.1417862109301, 0.23205483866166682, 1, 1),
(94, 14, 4.42803232559641, 7.156354779193479, 0.21162207154416784, 0.33647640469294054, 1, 1);

-- fact_rnd (94 rows)
insert into industry.fact_rnd (industry_id, num_firms, rnd_capitalized_usd_m, cap_rnd_pct_invested_capital, rnd_ltm_usd_m, current_rnd_pct_revenue, rnd_cagr_5y, vintage_id, region_id) values
(1, 52, 3315.4702000000007, 0.24523434948130793, 1131.511, 0.030676294148830982, 0.013864826020648424, 1, 1),
(2, 79, 60092.527799999974, 0.27373265084928095, 20116.79100000001, 0.040183202711432574, 0.010832423986646855, 1, 1),
(3, 23, 2746.5306, 0.019995745950537935, 938.8960000000002, 0.0038304562427768116, 0.014065291730014584, 1, 1),
(4, 35, 31.200799999999994, 0.0008938282066110509, 8.775, 0.0001387863060824985, -0.21273323732038585, 1, 1),
(5, 33, 77243.33640000003, 0.16075670284663499, 26362.073, 0.053030240578919814, 0.0007424575574568326, 1, 1),
(6, 35, 13094.185200000002, 0.34767406299379927, 4353.769, 0.049499954579051264, 0.025079736330500202, 1, 1),
(7, 15, 0.0, 0.0, 0.0, 0.0, NULL, 1, 1),
(8, 568, 0.0, 0.0, 0.0, 0.0, NULL, 1, 1),
(9, 14, 0.5144, 1.460210395796787e-05, 0.172, 6.275950782826342e-06, 0.009571122817161548, 1, 1),
(10, 27, 2650.538, 0.019266823819663666, 884.398, 0.004861637345331118, 0.0029154282244276963, 1, 1),
(11, 24, 15.16, 0.00025730435612065545, 5.2, 7.280566661064366e-05, 0.11628841548417412, 1, 1),
(12, 32, 2850.981, 0.002106881482035623, 979.1899999999999, 0.002749696988974386, 0.016694469954114055, 1, 1),
(13, 41, 4676.1886, 0.0721509671161045, 1579.2210000000002, 0.012639099475497156, 0.018282847848194006, 1, 1),
(14, 155, 9387.7074, 0.09008640086137273, 3188.6489999999994, 0.011829097051887155, 0.017398913363864565, 1, 1),
(15, 9, 929.8000000000002, 0.0031459410340700326, 289.0, 0.0013113450861313232, -0.053277172018024066, 1, 1),
(16, 29, 3505.7478000000006, 0.04446489686359899, 1150.2459999999999, 0.009974522453280935, -0.004449285759376309, 1, 1),
(17, 4, 695.1660000000002, 0.07489295418168242, 232.36, 0.01903650821479893, 0.003646016198455282, 1, 1),
(18, 59, 16196.616000000004, 0.08044412429607761, 5438.793000000002, 0.0261263605253223, 0.0059415212240874204, 1, 1),
(19, 16, 71.082, 0.007124054275818352, 22.090000000000003, 0.0025537291786968818, -0.01710336858140704, 1, 1),
(20, 64, 25045.6214, 0.34747110743645127, 8631.038999999999, 0.02525120690261836, 0.025552448135419237, 1, 1),
(21, 36, 138928.35219999996, 0.7145496021900611, 47720.730999999985, 0.07082191051320001, 0.020166597854011536, 1, 1),
(22, 40, 14657.287600000001, 0.09645791063650101, 4860.476000000001, 0.02429806077671633, -0.00905003002008209, 1, 1),
(23, 20, 8668.336, 0.012120637820974623, 2999.9500000000003, 0.006563468221365836, -0.00815477912709428, 1, 1),
(24, 496, 283090.5204000002, 1.0993389545423016, 93878.31199999996, 0.42887428389658205, 0.013605320808929067, 1, 1),
(25, 228, 254827.1396, 0.6742491782815021, 81364.59900000002, 0.20936229841449244, -0.0273991131007848, 1, 1),
(26, 32, 3221.1404, 0.214854722141856, 1109.1350000000002, 0.039753367012176605, 0.005522861423560288, 1, 1),
(27, 112, 15489.872000000005, 0.19924651489259654, 5308.749999999999, 0.039487935551464244, 0.02037637737054232, 1, 1),
(28, 8, 1446.6907999999999, 4.137413125823755, 453.514, 0.17898995161303055, -0.022257649523435785, 1, 1),
(29, 114, 21563.1798, 0.2642717439569375, 7264.800000000007, 0.04225240321739189, 0.007481170684744853, 1, 1),
(30, 48, 205.888, 0.0043825975400807226, 70.32, 0.000421041110365401, 0.0399565115446332, 1, 1),
(31, 92, 27726.927800000005, 0.14006248755134318, 9517.269000000004, 0.036772815854713446, 0.018857243823678704, 1, 1),
(32, 53, 1021.5128000000002, 0.02553188742505285, 336.55300000000005, 0.004273695238378958, 0.012483219690433867, 1, 1),
(33, 35, 10120.969, 0.06276055612360174, 3385.1580000000004, 0.015213972399411909, -0.0026626093056436595, 1, 1),
(34, 176, 38063.09260000001, 0.004458145718076463, 13233.808999999997, 0.022628688588039205, 0.030584673542775054, 1, 1),
(35, 78, 5232.648400000001, 0.030686156397554093, 1739.3230000000003, 0.006029187356157445, -0.0239553396215183, 1, 1),
(36, 13, 0.0, 0.0, 0.0, 0.0, NULL, 1, 1),
(37, 27, 3102.3556000000003, 0.10731872506231906, 1019.8799999999999, 0.018989668032718197, -0.01317012777045068, 1, 1),
(38, 15, 21.012000000000004, 0.0004687833567812285, 6.66, 0.0010351139884309693, -0.013822241683201897, 1, 1),
(40, 204, 60264.58619999999, 0.2631365029780305, 20555.917, 0.0719738002264643, 0.016538008582465125, 1, 1),
(41, 104, 4919.948999999999, 0.019567522520336715, 1820.7149999999997, 0.0006733680141668893, 0.09362059017515523, 1, 1),
(39, 115, 31812.443799999994, 0.25564660299876796, 10588.201000000005, 0.06894802188832837, 0.0035596773649726465, 1, 1),
(42, 30, 0.0, 0.0, 0.0, 0.0, NULL, 1, 1),
(43, 31, 244.42, 0.002408837474912986, 81.74, 0.0004860130134116699, 0.0013018638583448539, 1, 1),
(44, 63, 19589.5452, 0.08009126366898313, 6683.883, 0.028388443200556196, 0.02087105076685969, 1, 1),
(45, 110, 12682.748600000003, 0.12374632912346901, 4246.816999999999, 0.019905372801303046, 0.004126978460282871, 1, 1),
(46, 15, 2527.78, 0.16109085687124994, 841.9000000000001, 0.020781907225656118, 0.010439090594215328, 1, 1),
(47, 21, 319.2062, 0.008552855860457691, 105.704, 0.0018549931120412052, -0.009179376831730757, 1, 1),
(48, 20, 0.0, 0.0, 0.0, 0.0, NULL, 1, 1),
(49, 57, 8.709999999999999, 2.7189554597565483e-05, 2.96, 6.767121847058476e-06, NULL, 1, 1),
(50, 283, 2613.8050000000003, 0.005759235090860764, 936.756, 0.004656303270806553, 0.06160287518260654, 1, 1),
(51, 105, 11832.5312, 0.1107952955725741, 3998.054, 0.020329465195487523, 0.00940541869187661, 1, 1),
(52, 73, 339.35479999999995, 0.005055441635031509, 109.377, 0.0017932634795040003, 0.003881054401311257, 1, 1),
(53, 14, 877.3072, 0.11307434416601322, 287.39200000000005, 0.02115643684473217, -0.010041958476373791, 1, 1),
(54, 4, 3991.8, 0.00675541611593935, 1340.0, 0.0024733291139076956, 0.02248541787224445, 1, 1),
(55, 142, 1958.8884, 0.0037962639892938606, 531.865, 0.0021944110057939992, -0.02711740741141666, 1, 1),
(56, 23, 20.747, 8.545014143560923e-05, 6.209, 5.82979405024871e-05, -0.08628171090109438, 1, 1),
(57, 97, 6404.2256, 0.024652478989477915, 2076.597, 0.003175894559034927, -0.030987477189714285, 1, 1),
(58, 19, 1437.748, 0.01887412834907644, 465.41999999999996, 0.004183595688223153, -0.017688234797546554, 1, 1),
(59, 6, 53.2, 0.00800365228318607, 23.0, 0.0020886116181291488, 0.0, 1, 1),
(60, 46, 1333.7399999999998, 0.0011365748372689749, 457.5, 0.0011662802009213998, 0.03869488779702723, 1, 1),
(61, 56, 547.7502, 0.009111319261497027, 171.0, 0.004708886839804084, -0.05171637880040936, 1, 1),
(62, 19, 1055.2512, 0.08965903140268294, 362.522, 0.01508789319368799, 0.016499521308308118, 1, 1),
(63, 190, 64.78399999999999, 4.109746174805627e-05, 22.020000000000003, 0.00010434717337628785, 0.010012287868178316, 1, 1),
(64, 14, 0.0, 0.0, 0.0, 0.0, NULL, 1, 1),
(65, 12, 0.0, 0.0, 0.0, 0.0, NULL, 1, 1),
(66, 54, 4640.167999999999, 0.10211798460286987, 1597.8690000000004, 0.01430745570080346, 0.017286525916724305, 1, 1),
(67, 49, 4665.214799999999, 0.10929735018580677, 1572.9609999999998, 0.02849985233340399, -0.006610200014566914, 1, 1),
(68, 1, 0.0, 0.0, 0.0, 0.0, NULL, 1, 1),
(69, 64, 3883.7799999999997, 0.028805981798599098, 1386.7, 0.007388406792134073, 0.0387754838675094, 1, 1),
(70, 34, 47.63219999999999, 0.0003835740184943645, 17.516, 6.193431698790319e-05, -0.1032206511507906, 1, 1),
(71, 14, 1240.4999999999995, 0.013142325255474312, 401.50000000000006, 0.0014127583869993855, -0.0235459920219544, 1, 1),
(72, 62, 162.54680000000002, 0.0011681078810599856, 57.21, 0.0002429285952986248, 0.04426505973007444, 1, 1),
(73, 23, 290650.05999999994, 0.42309494287774235, 103365.09999999999, 0.052295159025648, 0.03406646109698097, 1, 1),
(74, 15, 1895.9999999999998, 0.03235920750847787, 645.6, 0.002334598581377701, -0.2280404895210857, 1, 1),
(75, 26, 13.5, 6.513478040580644e-05, 4.5, 0.00016936521915859363, 0.0, 1, 1),
(76, 94, 768.3526000000002, 0.006981575576922832, 254.04, 0.0008389949058999544, -0.0013455199816475583, 1, 1),
(77, 3, 1285.0, 0.1126824152785574, 426.0, 0.02325849303528248, -0.015667703601372263, 1, 1),
(78, 66, 225848.8094, 0.4637268441357671, 78060.36199999998, 0.15360132103292468, 0.026704682139396363, 1, 1),
(79, 31, 28885.688999999995, 0.48019596653094826, 9882.895999999997, 0.10720405371180282, 0.017176887234030547, 1, 1),
(80, 8, 0.0, 0.0, 0.0, 0.0, NULL, 1, 1),
(81, 11, 241.56000000000003, 0.010268492293315293, 82.30000000000001, 0.0013537831907172912, 0.031143306176263152, 1, 1),
(82, 77, 322655.4775999998, 0.5298660664406731, 114814.552, 0.18606862024867823, 0.04120472834421629, 1, 1),
(83, 29, 21662.7642, 0.5497102273306465, 7182.33, 0.1975542031975245, 0.030755462204089756, 1, 1),
(84, 309, 294171.47540000005, 0.46637770332038375, 101635.53399999997, 0.15978434052233426, 0.028574001732981413, 1, 1),
(85, 19, 1.3672, 2.0410368634366392e-05, 0.441, 4.074460064747882e-06, -0.07803142184459322, 1, 1),
(86, 12, 189.21999999999997, 0.0010940589143350503, 69.3, 0.0007233459541371528, 0.06576275663547415, 1, 1),
(87, 57, 45802.27419999999, 1.020916303627394, 15783.919, 0.14357539777816294, 0.028328321033932236, 1, 1),
(88, 39, 3915.0864, 0.007662617761719815, 1320.9189999999999, 0.004567332153822104, 0.009974945657514889, 1, 1),
(89, 10, 2888.5196, 0.07336136699419127, 976.3670000000001, 0.014772712830180685, 0.030542809599880094, 1, 1),
(90, 19, 11019.186000000002, 0.06711738748381291, 3783.2039999999997, 0.012456650526641945, 0.011464495217286208, 1, 1),
(91, 4, 0.0, 0.0, 0.0, 0.0, NULL, 1, 1),
(92, 26, 350.34000000000003, 0.005873727258207274, 117.7, 0.00139708426259121, -0.058616287786526944, 1, 1),
(93, 14, 0.0, 0.0, 0.0, 0.0, NULL, 1, 1),
(94, 14, 8.11, 0.00017085917419469717, 2.06, 0.00019733626693810944, -0.12987141972495775, 1, 1);

